user_id,username,post_count,total_words,avg_word_count,avg_sentence_length,avg_punctuation,avg_uppercase_ratio,avg_digit_count,forums_used,topics_used
2,Kimble,2,551.0,275.5,18.98,41.0,0.02025,6.0,2,2
3,Verto,2,365.0,182.5,14.704999999999998,121.5,0.2598,165.0,2,2
5,interceptor,2,131.0,65.5,19.125,62.0,0.5048,190.5,1,1
7,iSellPizza,2,555.0,277.5,11.875,136.0,0.13585,45.0,2,2
8,ENZO,2,482.0,241.0,11.68,111.5,0.05515,22.5,1,1
9,d33poutside,2,375.0,187.5,19.32,66.5,0.2619,146.0,2,2
11,BooMstick,2,80.0,40.0,9.665,4.5,0.0638,2.5,2,2
12,LudoTilMortem,2,512.0,256.0,19.45,41.0,0.033350000000000005,50.5,2,2
13,Bigmeesh,2,313.0,156.5,23.77,20.5,0.030649999999999997,4.5,1,2
14,MrMouse,2,544.0,272.0,14.29,77.5,0.22444999999999998,83.0,2,2
15,WhenInDoubt,2,441.0,220.5,20.61,29.5,0.023,2.0,2,2
16,fnufnu,2,645.0,322.5,13.530000000000001,52.0,0.0225,3.0,1,1
17,yummy5656,2,510.0,255.0,14.32,51.0,0.02845,0.5,1,2
18,ark1,1,11.0,11.0,11.0,3.0,0.087,0.0,1,1
19,White27,2,64.0,32.0,7.375,8.5,0.0391,1.5,1,1
20,realslimshady,2,784.0,392.0,19.145,45.5,0.0305,8.5,2,2
21,roberto77,2,90.0,45.0,25.8,3.5,0.0,0.5,2,2
22,scythe,2,1166.0,583.0,21.6,127.0,0.03615,6.0,2,2
23,bigmoney22,2,158.0,79.0,10.445,9.0,0.05315,3.5,2,2
24,Bluekilo,2,358.0,179.0,15.690000000000001,37.0,0.05135000000000001,0.0,2,2
25,l0neranger,2,30.0,15.0,15.0,1.5,0.03395,0.0,2,2
27,TheDearthStar,2,370.0,185.0,23.799999999999997,22.0,0.03515,5.5,2,2
28,h4t3,1,18.0,18.0,18.0,1.0,0.0141,0.0,1,1
30,Slothkin,1,11.0,11.0,11.0,3.0,0.0455,0.0,1,1
31,Draconem,2,27.0,13.5,5.835,1.5,0.0099,0.0,2,2
33,victoryao27,2,166.0,83.0,10.38,9.0,0.0256,8.0,2,2
34,onetimeuser,2,471.0,235.5,12.735,35.0,0.039,4.0,2,2
35,knightowl,2,315.0,157.5,15.91,25.5,0.029949999999999997,1.0,2,2
36,unknownfame,2,184.0,92.0,12.5,23.0,0.025349999999999998,13.0,1,1
37,lokstarr,2,871.0,435.5,18.75,70.5,0.036,15.0,2,2
38,SuperRyanSmith33,2,1031.0,515.5,14.66,375.0,0.3719,643.0,1,1
40,Schneiderx,1,26.0,26.0,6.5,5.0,0.04,0.0,1,1
41,Tempest,2,388.0,194.0,16.6,32.5,0.0212,3.0,1,1
44,themostseekrit,2,2128.0,1064.0,15.379999999999999,214.0,0.0451,19.0,2,2
45,tayoli,2,23.0,11.5,4.0,4.0,0.05555,0.5,2,2
46,GrandIllusion,2,101.0,50.5,18.915,8.0,0.02815,0.0,2,2
47,kraken,2,1080.0,540.0,20.055,78.0,0.0359,33.5,2,2
49,cxttuml,2,525.0,262.5,34.0,46.5,0.00685,42.5,1,1
50,plasticA,2,557.0,278.5,18.005000000000003,53.0,0.03805,17.0,1,1
52,rainwoman,2,202.0,101.0,25.165,15.0,0.0293,1.0,2,2
53,shadowfeind,2,241.0,120.5,18.69,14.0,0.02375,3.0,2,2
56,test01r,2,574.0,287.0,16.975,56.0,0.0275,21.0,2,2
57,OkThen,2,416.0,208.0,16.545,31.5,0.027049999999999998,3.0,2,2
58,puppetMaster,2,4237.0,2118.5,15.565000000000001,404.5,0.02795,76.5,1,2
59,korgmeister,2,440.0,220.0,14.665,39.0,0.00945,5.0,2,2
60,marcus,2,25.0,12.5,12.5,2.0,0.03705,0.0,1,2
61,Skeem,1,11.0,11.0,11.0,0.0,0.0189,1.0,1,1
63,fox2,2,226.0,113.0,21.555,19.5,0.02025,13.5,1,1
64,DocLove,2,388.0,194.0,34.265,22.0,0.012799999999999999,4.0,1,2
65,Johnhunt,2,117.0,58.5,13.975,12.5,0.0679,0.5,1,2
66,Dogman,2,399.0,199.5,14.57,36.0,0.0606,7.0,2,2
68,bozzmann,2,438.0,219.0,13.93,48.5,0.039400000000000004,24.0,2,2
70,amgbab,2,311.0,155.5,24.775,29.5,0.0263,3.5,2,2
71,rrvax,2,692.0,346.0,15.725,45.0,0.032799999999999996,16.5,2,2
72,obelix,2,382.0,191.0,11.57,60.5,0.06585,8.5,1,1
75,DrGonzo,2,385.0,192.5,11.75,41.5,0.028399999999999998,27.0,1,1
76,torrican,2,530.0,265.0,15.27,47.5,0.0544,11.5,2,2
77,Anonamouse,2,709.0,354.5,17.07,102.0,0.11280000000000001,69.5,1,1
80,falconry,2,292.0,146.0,11.25,55.0,0.11945,136.5,2,2
81,Scattermind,2,996.0,498.0,13.59,104.0,0.04015,21.5,2,2
83,incognito33,2,332.0,166.0,27.115000000000002,14.0,0.02085,3.5,2,2
84,Mammon,2,409.0,204.5,5.945,90.0,0.05835,25.5,2,2
85,illusion,2,32.0,16.0,16.0,1.5,0.030350000000000002,0.5,2,2
89,testusr111,2,170.0,85.0,13.809999999999999,15.0,0.0605,4.0,1,1
90,tanved,2,35.0,17.5,14.75,4.5,0.0314,0.0,1,1
91,DanAnon,2,211.0,105.5,29.375,18.0,0.07045,0.0,2,2
92,buyer111,2,363.0,181.5,20.555,26.0,0.02365,18.5,2,2
93,aphrodite,2,247.0,123.5,14.82,23.0,0.02985,2.5,2,2
94,blodynipple,2,96.0,48.0,8.0,11.0,0.04675,1.0,1,1
95,cardocrypto,2,486.0,243.0,19.075,38.0,0.16474999999999998,387.5,2,2
97,mexxx,2,109.0,54.5,10.415,9.5,0.11415,0.0,1,1
98,GetRichFast,2,292.0,146.0,18.25,19.5,0.02775,5.5,1,1
99,keysagogo,2,409.0,204.5,20.965,40.0,0.036000000000000004,5.0,2,2
100,Breakingbad,2,225.0,112.5,19.355,18.5,0.05875,3.5,2,2
101,RandyMarsh,1,20.0,20.0,10.0,3.0,0.0274,0.0,1,1
102,johnjones,2,1130.0,565.0,37.79,159.5,0.05095,216.5,2,2
103,ihatejokes,2,290.0,145.0,15.309999999999999,19.5,0.025849999999999998,4.0,2,2
104,01596p,2,1289.0,644.5,11.435,140.5,0.059800000000000006,28.5,2,2
105,greenpercent,2,595.0,297.5,17.869999999999997,76.5,0.056150000000000005,60.0,2,2
106,sharealot,2,27.0,13.5,11.25,3.0,0.00545,0.0,1,2
108,rrelite,2,603.0,301.5,29.47,26.5,0.0077,5.5,2,2
109,jeanbenoit,2,240.0,120.0,11.21,30.0,0.0193,1.5,1,2
110,makikaki,2,2574.0,1287.0,14.044999999999998,861.5,0.14805000000000001,2545.5,1,1
111,crashoverride2,2,964.0,482.0,20.08,78.0,0.029650000000000003,8.0,2,2
113,giorgio3333,2,125.0,62.5,10.085,10.0,0.0177,4.5,2,2
114,Regus89,2,611.0,305.5,22.865000000000002,49.0,0.0378,17.0,1,1
115,prozac,2,147.0,73.5,17.4,36.5,0.2304,112.5,2,2
116,Mysterycode,2,125.0,62.5,11.415,12.0,0.0314,0.0,2,2
117,donmark,2,267.0,133.5,8.870000000000001,23.5,0.0533,0.0,2,2
118,juiceman,2,142.0,71.0,22.75,5.5,0.03615,0.0,2,2
119,prozac2,2,259.0,129.5,20.43,44.5,0.2428,99.5,2,2
120,qwerty,2,43.0,21.5,6.415,6.0,0.041800000000000004,1.0,2,2
121,mrmojo,2,80.0,40.0,10.835,5.0,0.04005,0.5,1,2
123,anonbearzinho,2,725.0,362.5,28.1,114.0,0.12875,117.5,1,1
125,suchachore,2,931.0,465.5,16.92,66.5,0.04135,15.0,2,2
126,computaguy99,2,199.0,99.5,21.21,9.5,0.0305,2.0,2,2
127,wh1t3b04rd87,2,97.0,48.5,15.0,8.0,0.031100000000000003,1.0,1,1
128,IronHeart,2,854.0,427.0,10.73,135.0,0.0395,240.0,1,1
129,munsterman,2,507.0,253.5,7.685,92.5,0.0581,42.5,2,2
130,Alfred_B,2,108.0,54.0,11.46,11.5,0.0615,2.0,1,1
131,linas879,2,219.0,109.5,12.84,30.5,0.07055,1.5,2,2
133,masonmoore,2,294.0,147.0,17.935000000000002,25.0,0.027200000000000002,4.0,2,2
134,my_eye,1,4.0,4.0,4.0,1.0,0.0,0.0,1,1
135,Green,2,1275.0,637.5,21.335,93.0,0.02085,20.5,1,1
138,DarkBear,2,452.0,226.0,16.71,43.5,0.02175,7.5,2,2
139,Brick,2,420.0,210.0,23.33,128.0,0.2212,111.0,2,2
141,dima,2,772.0,386.0,16.005,49.5,0.01995,8.0,1,1
142,A9987768,1,4.0,4.0,4.0,1.0,0.0,0.0,1,1
143,anony,2,354.0,177.0,32.735,142.5,0.21159999999999998,16.0,1,2
144,bestamazonaccts,1,64.0,64.0,32.0,6.0,0.5296,1.0,1,1
145,philmacrackin,2,285.0,142.5,14.879999999999999,15.0,0.03605,0.0,1,1
146,Ricky,2,391.0,195.5,43.28,9.0,0.0098,3.5,2,2
147,Cairo,2,16.0,8.0,2.625,3.5,0.40625,1.0,1,1
148,auntym,2,441.0,220.5,20.26,34.0,0.0266,9.0,1,1
151,tw0st,2,153.0,76.5,12.815,18.0,0.02425,7.0,2,2
152,Underground,2,230.0,115.0,23.165,21.5,0.0581,3.5,2,2
153,andigatel,2,596.0,298.0,15.67,39.5,0.09179999999999999,14.0,2,2
155,yopley1384,2,296.0,148.0,18.83,28.0,0.0353,0.5,2,2
157,alpha02,2,232.0,116.0,11.445,29.5,0.07250000000000001,1.0,2,2
158,pureone,2,252.0,126.0,16.17,30.0,0.057749999999999996,7.0,2,2
159,amando,2,990.0,495.0,24.325,165.0,0.18915,911.0,2,2
160,SniperFox,2,377.0,188.5,18.585,26.0,0.04245,10.5,2,2
162,jackson,2,11.0,5.5,5.5,0.5,0.0185,0.0,2,2
163,thaiii,2,57.0,28.5,11.585,4.0,0.01715,3.0,1,1
166,willyclock,2,468.0,234.0,40.665,32.0,0.0336,12.5,2,2
167,Easy_B,1,18.0,18.0,4.5,5.0,0.1017,1.0,1,1
169,jokowi,2,1245.0,622.5,10.545,409.5,0.1485,460.5,1,1
171,sillyrascal,2,461.0,230.5,17.240000000000002,34.5,0.02165,1.0,2,2
174,Ashitaka,2,389.0,194.5,12.175,157.0,0.0855,133.0,2,2
175,FleurDuMal,1,13.0,13.0,4.33,3.0,0.0556,0.0,1,1
178,ray-mon,2,72.0,36.0,10.585,12.5,0.042300000000000004,0.0,2,2
179,camel,2,386.0,193.0,18.94,35.5,0.03175,3.5,1,1
180,Heisman,2,357.0,178.5,14.895,22.5,0.04055,6.5,2,2
182,riley3,2,382.0,191.0,15.335,25.0,0.01715,1.5,1,1
183,Xperia,2,39.0,19.5,19.5,1.5,0.053500000000000006,0.0,2,2
184,affhous,2,378.0,189.0,13.370000000000001,34.5,0.0341,2.0,2,2
185,fake,2,391.0,195.5,21.79,31.0,0.01115,4.0,1,1
186,mobmaster123,2,14.0,7.0,7.0,1.0,0.0319,0.0,2,2
187,ucard,2,2227.0,1113.5,13.97,200.5,0.3421,33.0,1,1
188,thunder212,2,138.0,69.0,19.5,4.5,0.023350000000000003,4.5,2,2
189,Avry,2,290.0,145.0,16.325,36.0,0.026299999999999997,13.5,2,2
190,wednesdaynight,1,4.0,4.0,4.0,2.0,0.0714,2.0,1,1
191,ShadowG1,1,50.0,50.0,12.5,4.0,0.0265,0.0,1,1
192,psyclerdude,2,470.0,235.0,16.36,20.0,0.03485,1.0,1,2
193,cqrderfr,2,166.0,83.0,27.665,9.0,0.048,4.5,2,2
194,joedaplumber,2,363.0,181.5,16.28,34.5,0.03185,5.5,2,2
195,GoldenVampire,2,71.0,35.5,15.415,7.5,0.0416,0.5,2,2
197,DaVinci,2,186.0,93.0,10.95,19.5,0.07020000000000001,3.0,1,1
198,Ricky-Spanish,2,143.0,71.5,15.825,53.0,0.51665,111.0,2,2
199,Gold,2,562.0,281.0,18.61,41.0,0.020249999999999997,2.0,1,1
200,ozandjess,2,282.0,141.0,70.5,12.5,0.01525,13.0,1,1
203,grayraven,1,19.0,19.0,9.5,5.0,0.0421,0.0,1,1
204,TitusPullo,2,264.0,132.0,15.985,23.0,0.00925,7.5,2,2
205,zozja,2,320.0,160.0,11.605,20.0,0.0348,1.0,2,2
206,gunnerstatz,2,326.0,163.0,16.17,31.0,0.05045,2.5,2,2
207,afsr,2,529.0,264.5,14.825,48.0,0.03485,4.0,1,2
208,qwerty991,2,12.0,6.0,6.0,1.0,0.15215,0.0,1,1
209,EauDeToilette,1,67.0,67.0,11.17,9.0,0.0294,0.0,1,1
210,duggy142,2,42.0,21.0,6.375,2.5,0.00265,0.0,1,1
211,450braiseit,2,394.0,197.0,11.5,63.5,0.04235,41.5,2,2
212,coconutoil,2,172.0,86.0,10.76,17.0,0.10300000000000001,5.0,2,2
213,toroloco,1,6.0,6.0,6.0,1.0,0.0,0.0,1,1
215,blackfire,1,1.0,1.0,1.0,4.0,0.0,0.0,1,1
216,membrane,2,113.0,56.5,10.265,9.0,0.03565,14.0,2,2
218,MrFox,2,24.0,12.0,12.0,1.5,0.0525,0.0,1,1
219,lansky,2,437.0,218.5,28.155,41.5,0.04525,11.5,2,2
221,weesel,1,29.0,29.0,14.5,4.0,0.0603,0.0,1,1
222,messiahthedon,1,6.0,6.0,6.0,2.0,0.0,0.0,1,1
225,DavinciCode007,2,1268.0,634.0,19.305,83.0,0.0605,44.5,2,2
226,GH0ST0WL,2,1175.0,587.5,14.39,121.5,0.2395,52.0,1,1
228,sup3rnova,2,635.0,317.5,20.525,57.5,0.0404,12.0,2,2
229,vize425,2,257.0,128.5,20.655,20.5,0.0245,3.0,2,2
230,LaDeeGsus,1,56.0,56.0,18.67,18.0,0.0273,2.0,1,1
231,HSCOWHJ,2,374.0,187.0,13.495000000000001,43.5,0.0695,66.0,1,2
232,LinQue,2,750.0,375.0,17.425,71.5,0.0432,29.0,2,2
234,The_Real-PF,1,190.0,190.0,19.0,19.0,0.0043,12.0,1,1
236,Dajogs,2,224.0,112.0,20.345,14.5,0.046349999999999995,0.0,2,2
237,Straightflush,2,96.0,48.0,8.145,8.5,0.032049999999999995,1.5,1,2
239,Fairie,2,149.0,74.5,7.875,12.0,0.039150000000000004,1.5,2,2
240,Bullionaire,2,353.0,176.5,14.120000000000001,48.5,0.269,56.5,2,2
241,evolveduser,2,341.0,170.5,29.68,21.0,0.0162,2.5,2,2
242,boulzai,2,436.0,218.0,13.045,45.0,0.031149999999999997,11.0,1,1
243,Johnathanbates,2,420.0,210.0,47.29,29.5,0.00675,7.0,1,2
245,branbrain,2,179.0,89.5,29.83,17.5,0.0193,8.0,2,2
247,Jim1don,2,166.0,83.0,17.48,16.0,0.02665,2.5,2,2
248,jokr,1,19.0,19.0,6.33,6.0,0.1324,0.0,1,1
250,luxo,2,215.0,107.5,15.25,17.5,0.02635,13.5,2,2
252,Android_Au,2,225.0,112.5,10.175,30.0,0.0346,0.0,2,2
253,madcity,2,63.0,31.5,9.68,8.5,0.07715,0.0,2,2
255,maltivera,2,1320.0,660.0,13.21,131.5,0.02295,37.5,2,2
259,kanadakash,2,188.0,94.0,35.75,11.5,0.0262,1.5,2,2
260,Kryptonite,2,739.0,369.5,28.9,72.0,0.09194999999999999,33.5,2,2
261,clackclack,2,26.0,13.0,9.75,1.0,0.05495,0.0,1,2
262,Salem,2,26.0,13.0,8.5,1.5,0.0284,0.0,1,2
263,cardiedavid,2,411.0,205.5,12.425,53.5,0.052899999999999996,19.5,2,2
264,secret_hash,2,95.0,47.5,15.835,4.5,0.0237,0.0,2,2
265,Xavek,2,541.0,270.5,19.025,36.0,0.02385,6.0,1,1
266,themack,2,382.0,191.0,18.085,44.0,0.028399999999999998,18.0,2,2
267,nile07,2,669.0,334.5,11.34,91.5,0.0993,37.0,2,2
268,sinz,2,1128.0,564.0,33.965,81.0,0.02135,34.0,2,2
269,Evolution,1,35.0,35.0,8.75,5.0,0.0388,0.0,1,1
270,FoxTom,2,3440.0,1720.0,16.009999999999998,393.0,0.04025,124.5,2,2
271,ibuy456,2,139.0,69.5,13.895,13.5,0.0332,4.5,2,2
272,Furs,2,20.0,10.0,7.75,1.5,0.0378,0.0,2,2
273,borngborn,1,89.0,89.0,22.25,3.0,0.0395,0.0,1,1
274,mikeyJ,2,393.0,196.5,17.025,34.0,0.02435,14.0,2,2
275,Spanchbob,1,31.0,31.0,15.5,4.0,0.0084,2.0,1,1
276,x5t0rMx,2,69.0,34.5,23.25,3.0,0.0182,0.5,2,2
277,DoubleT,2,613.0,306.5,21.515,50.0,0.04765,28.5,2,2
278,Kable,2,2021.0,1010.5,15.205,276.0,0.0487,40.5,2,2
280,Oniontor122,2,241.0,120.5,27.785,24.5,0.012750000000000001,3.5,2,2
281,forsaken103,1,53.0,53.0,7.57,9.0,0.0728,2.0,1,1
282,susp3kt,2,870.0,435.0,12.719999999999999,95.5,0.026,18.5,2,2
283,LUIGiTheGreat,1,10.0,10.0,2.5,4.0,0.4,0.0,1,1
284,TalkinBoutMyGirl,2,322.0,161.0,16.245,34.5,0.042499999999999996,3.0,1,1
285,Jackbauer,1,8.0,8.0,8.0,1.0,0.0256,0.0,1,1
286,hum11,2,2568.0,1284.0,6.915,1229.0,0.014499999999999999,31.5,2,2
287,poptart,2,305.0,152.5,17.82,20.0,0.00715,12.0,2,2
288,Hello,1,10.0,10.0,10.0,4.0,0.0294,0.0,1,1
291,mexvan,2,808.0,404.0,15.695,92.0,0.0456,36.0,2,2
292,Churchshoes,2,105.0,52.5,52.5,6.0,0.00295,4.0,2,2
293,Maddygirl,2,51.0,25.5,13.875,5.5,0.0341,0.5,1,1
294,Ron_Burgundy,2,138.0,69.0,9.015,19.0,0.045149999999999996,2.0,1,1
297,Zayy23,2,302.0,151.0,51.525,44.0,0.08199999999999999,21.0,2,2
300,howlingmonkey,2,1018.0,509.0,18.955,174.0,0.0937,149.0,1,1
302,sinordos,2,485.0,242.5,17.325,38.0,0.02275,5.5,2,2
303,jack-banker,2,192.0,96.0,17.815,15.5,0.048549999999999996,4.5,1,2
304,mrmagoo3,2,50.0,25.0,7.875,8.0,0.0435,1.0,2,2
306,pepero,2,328.0,164.0,16.564999999999998,25.0,0.0269,5.0,2,2
307,FliP,2,497.0,248.5,18.785,51.5,0.1005,0.0,1,2
308,maybe1233,2,605.0,302.5,20.905,53.5,0.03635,9.0,2,2
309,brinkmaskey,2,60.0,30.0,9.125,5.5,0.01785,0.0,1,2
311,nightsunstrider,2,202.0,101.0,22.425,11.0,0.02875,4.5,2,2
312,raskelly,2,121.0,60.5,30.25,12.5,0.07295,16.0,2,2
314,youngstarr,2,267.0,133.5,20.75,17.5,0.036199999999999996,5.5,1,1
315,loklhrrp,1,14.0,14.0,14.0,3.0,0.0833,18.0,1,1
316,3dollar,2,562.0,281.0,19.125,85.0,0.10645,81.0,1,1
317,Ideal,2,527.0,263.5,20.275,46.5,0.0441,10.0,2,2
319,Willpower,2,468.0,234.0,25.57,90.0,0.41205,232.0,2,2
320,test02,2,2.0,1.0,1.0,0.0,0.1667,0.0,1,1
321,zulualpha,2,172.0,86.0,21.5,11.0,0.01775,0.0,1,2
322,the_dude2,2,499.0,249.5,23.205,39.5,0.0348,6.5,2,2
323,juliabela,2,270.0,135.0,9.525,60.5,0.0997,10.5,1,1
324,Afanasi,2,2.0,1.0,1.0,0.0,0.1667,0.0,2,2
325,MikhailX,1,36.0,36.0,9.0,9.0,0.1905,2.0,1,1
326,CecilRhodes,2,841.0,420.5,22.134999999999998,69.0,0.02535,27.5,2,2
328,frapedaki12,2,508.0,254.0,15.11,60.5,0.02525,13.5,2,2
329,kron1k,2,118.0,59.0,21.875,6.5,0.0,5.0,1,1
330,zabymes,2,137.0,68.5,9.14,15.0,0.0259,2.5,2,2
331,cashreaper,2,424.0,212.0,15.334999999999999,33.0,0.0388,7.0,2,2
333,CashCash,2,228.0,114.0,15.634999999999998,20.5,0.04345,9.5,1,1
334,Sneak,2,100.0,50.0,8.815,11.0,0.028699999999999996,0.0,1,1
335,MansaMusa,2,874.0,437.0,19.445,78.5,0.03925,27.0,2,2
336,kakuzu,2,90.0,45.0,9.79,14.0,0.06130000000000001,14.5,2,2
338,4ballz,2,191.0,95.5,19.945,11.0,0.022350000000000002,0.0,2,2
339,mercenary122,2,311.0,155.5,25.89,20.5,0.0527,8.0,2,2
340,brulz8,2,792.0,396.0,11.629999999999999,171.0,0.24745,146.5,1,2
341,Blackgold,2,121.0,60.5,10.385,16.0,0.0465,9.0,1,2
345,bobsacremento,2,439.0,219.5,15.68,31.5,0.045899999999999996,2.0,2,2
346,EdmondDantes,2,108.0,54.0,12.3,12.0,0.03755,1.0,1,2
348,pendragon,2,92.0,46.0,15.0,9.0,0.06965,4.0,1,2
352,bobspender300,2,18.0,9.0,7.25,2.5,0.04325,0.0,2,2
353,Alphago,2,123.0,61.5,13.45,21.0,0.14065,3.5,2,2
354,deAlchemist,1,2.0,2.0,2.0,0.0,0.0,0.0,1,1
355,justAthief,2,635.0,317.5,14.2,60.5,0.03235,3.5,1,2
356,CardingPDF,1,40.0,40.0,13.33,18.0,0.0114,15.0,1,1
357,Season,1,13.0,13.0,6.5,2.0,0.0364,0.0,1,1
358,CiatronicSR,2,126.0,63.0,10.98,13.5,0.03805,1.5,2,2
359,CowBe11s,2,488.0,244.0,14.655000000000001,78.0,0.11395000000000001,185.5,2,2
360,monayman,2,158.0,79.0,25.625,10.0,0.01795,1.5,2,2
361,jahoda,2,293.0,146.5,29.28,27.0,0.035949999999999996,10.0,2,2
362,realbro,2,359.0,179.5,12.75,56.0,0.042550000000000004,16.0,1,1
363,zebbie,2,103.0,51.5,11.93,7.5,0.057050000000000003,6.0,2,2
367,jdiamond,2,59.0,29.5,9.875,5.5,0.06295,1.0,2,2
370,zelda101,2,291.0,145.5,58.335,22.5,0.01565,5.5,1,1
371,Urkabio5,2,45.0,22.5,12.5,3.5,0.03165,0.0,1,1
373,imahuman,2,157.0,78.5,17.475,12.5,0.022250000000000002,5.5,1,2
376,mopteam,2,514.0,257.0,12.955,65.5,0.033600000000000005,19.0,2,2
377,alias99,2,145.0,72.5,13.485,8.5,0.011899999999999999,7.0,2,2
379,kashu,2,104.0,52.0,20.5,8.0,0.0248,4.5,2,2
382,nukefile,2,628.0,314.0,18.875,63.0,0.03135,40.0,2,2
383,31337,1,12.0,12.0,6.0,4.0,0.0833,0.0,1,1
384,lollol,2,196.0,98.0,13.1,23.5,0.03455,0.0,2,2
385,Mr-Muffin-Man,1,21.0,21.0,10.5,3.0,0.046,0.0,1,1
386,KarateChop,2,86.0,43.0,12.0,3.5,0.02975,2.5,1,1
387,zlobnijg,1,16.0,16.0,8.0,5.0,0.05,0.0,1,1
389,speedy,2,314.0,157.0,15.18,71.5,0.19265,82.0,1,1
390,morgandunn,2,308.0,154.0,14.22,27.5,0.03165,2.5,2,2
392,mikeycostanza,2,251.0,125.5,12.525,26.0,0.0517,5.5,2,2
393,FRIM,2,507.0,253.5,12.95,44.5,0.03955,3.5,2,2
394,snoopez,2,234.0,117.0,13.65,15.0,0.0427,1.5,2,2
397,CashOut,2,166.0,83.0,7.705,22.0,0.09294999999999999,9.5,2,2
398,clear,2,424.0,212.0,60.285,65.5,0.26125,252.5,2,2
399,Altair,2,455.0,227.5,41.445,38.0,0.032850000000000004,18.0,2,2
400,anno333,2,38.0,19.0,11.5,3.0,0.00375,0.0,2,2
401,SierraRomeo,2,434.0,217.0,14.485,42.5,0.0339,13.5,1,1
402,chuckfinley,2,676.0,338.0,14.115,58.0,0.04045,50.0,2,2
405,Y8c4it4657E375U,2,296.0,148.0,13.969999999999999,36.0,0.022199999999999998,16.0,2,2
407,Dr_Acula,2,428.0,214.0,20.215,54.5,0.1801,45.0,2,2
411,railguycc,2,221.0,110.5,18.3,17.0,0.05145,0.0,1,2
412,JIBZYFARGO,2,337.0,168.5,26.44,23.0,0.0267,0.0,2,2
416,monkeydust,2,2762.0,1381.0,15.01,209.0,0.055,26.0,2,2
417,KingKoug,2,566.0,283.0,13.190000000000001,48.5,0.03325,6.0,1,1
418,usaAzz,1,5.0,5.0,5.0,0.0,0.0,0.0,1,1
419,hennesyyyy,1,91.0,91.0,13.0,13.0,0.0028,0.0,1,1
420,BROOKLYN,2,418.0,209.0,10.955,48.0,0.09415000000000001,23.0,1,2
421,gmAz,2,4.0,2.0,2.0,2.0,0.0,0.0,2,2
424,freddypace,1,10.0,10.0,10.0,2.0,0.1042,0.0,1,1
426,businesschap,2,78.0,39.0,11.665,4.5,0.06865,0.0,1,2
429,samuraiprint,2,1743.0,871.5,27.765,118.0,0.0283,49.0,1,1
431,martin2728282,2,206.0,103.0,14.025000000000002,35.5,0.0722,26.0,2,2
432,StockTrader,2,282.0,141.0,16.48,15.5,0.018000000000000002,5.0,1,1
433,jaffy1,1,33.0,33.0,8.25,6.0,0.0219,1.0,1,1
434,Leunt,2,74.0,37.0,12.335,8.0,0.062349999999999996,0.5,2,2
435,razor231231,2,289.0,144.5,25.689999999999998,15.5,0.057800000000000004,11.0,2,2
436,LandShark,1,30.0,30.0,10.0,4.0,0.0678,0.0,1,1
437,Cocainecowboy,2,1511.0,755.5,12.89,130.5,0.07275,145.5,1,1
440,cisco2014,2,398.0,199.0,15.6,35.0,0.0332,9.0,2,2
441,IMNOTTICKLE,2,258.0,129.0,14.375,19.5,0.04055,1.5,2,2
442,C2Cgrnd13,2,85.0,42.5,9.5,8.5,0.0238,0.5,2,2
444,daboss12,2,232.0,116.0,79.75,13.5,0.0206,15.0,2,2
445,Bogart,2,126.0,63.0,17.915,10.5,0.02825,4.0,2,2
450,LordPi,2,525.0,262.5,32.94,46.5,0.04715,11.5,2,2
451,Zinty,2,98.0,49.0,16.33,6.5,0.0411,0.0,2,2
453,TechStore,2,0.0,0.0,0.0,44.0,0.0,0.0,1,1
456,lolwhat,2,612.0,306.0,19.895,44.0,0.025800000000000003,1.5,2,2
457,lotus78,2,175.0,87.5,8.75,17.0,0.09695000000000001,12.0,1,2
459,NealCaffrey,2,347.0,173.5,11.469999999999999,37.0,0.04415,11.5,1,2
463,kim_tdgco,1,1.0,1.0,1.0,1.0,0.0,0.0,1,1
464,Mooner,2,194.0,97.0,16.655,20.0,0.05235,2.5,2,2
467,porkopine35,1,25.0,25.0,8.33,4.0,0.0795,0.0,1,1
470,turboklizma,2,616.0,308.0,12.635,84.5,0.021949999999999997,28.5,1,1
471,thearc,2,371.0,185.5,23.18,34.0,0.03615,5.5,1,2
474,ezpz,2,380.0,190.0,11.18,69.5,0.043250000000000004,32.5,1,1
475,Eenergy,2,739.0,369.5,18.235,175.5,0.1135,39.0,1,1
476,mikecrack,2,23.0,11.5,11.5,2.0,0.07545,0.5,1,1
479,n0unit,2,363.0,181.5,27.18,30.5,0.0157,170.5,2,2
483,a6n89,2,902.0,451.0,14.47,54.0,0.03755,21.0,1,1
484,BabyBlue,2,484.0,242.0,12.615,52.5,0.04875,5.5,2,2
486,someguy,1,13.0,13.0,13.0,2.0,0.0615,0.0,1,1
487,mlin,2,319.0,159.5,10.165,30.5,0.0247,18.0,2,2
489,yesman,2,519.0,259.5,17.16,31.5,0.02335,5.0,2,2
490,dudreks,2,212.0,106.0,16.4,20.0,0.033,5.5,2,2
491,xreole,2,542.0,271.0,21.880000000000003,53.5,0.03745,15.5,2,2
493,201679996,2,259.0,129.5,22.07,39.0,0.0403,29.0,2,2
496,Tw1st3d,2,520.0,260.0,13.33,66.5,0.027200000000000002,6.5,2,2
499,checkmate,2,139.0,69.5,9.32,18.0,0.05615,0.5,1,2
501,amg2014,2,281.0,140.5,16.57,41.5,0.03295,9.0,2,2
503,NTM93,2,420.0,210.0,19.09,31.5,0.01865,8.5,1,2
506,avid,2,2078.0,1039.0,28.0,162.0,0.008199999999999999,33.0,1,1
511,Bacchus,2,267.0,133.5,10.31,34.0,0.18035,52.0,2,2
513,anon2012,2,623.0,311.5,18.895,53.5,0.034949999999999995,20.0,2,2
514,jim456789,2,526.0,263.0,44.2,22.0,0.0529,13.5,2,2
515,davincicode,1,16.0,16.0,8.0,3.0,0.0152,0.0,1,1
518,Zeus,2,206.0,103.0,14.6,16.5,0.0485,7.5,1,1
519,johnnyrotten,2,518.0,259.0,15.395,40.5,0.07014999999999999,3.5,2,2
521,konstantinbrayko,2,664.0,332.0,9.54,101.0,0.05115,49.5,2,2
525,GreatOak,2,540.0,270.0,18.46,47.5,0.01235,6.0,2,2
534,hovito,2,128.0,64.0,10.96,17.5,0.06675,0.5,1,1
535,redlogos,2,22.0,11.0,9.75,3.5,0.08615,1.0,1,1
538,tesla3,2,61.0,30.5,12.415,8.5,0.0537,1.0,1,1
539,sterlingsilver,2,529.0,264.5,18.885,60.0,0.276,140.5,2,2
540,Rob1nH00d3r,2,93.0,46.5,17.5,12.5,0.07650000000000001,12.0,1,2
542,almiforo,2,217.0,108.5,7.324999999999999,65.0,0.00685,53.0,2,2
544,asphalte,2,525.0,262.5,13.724999999999998,74.0,0.054599999999999996,14.5,1,1
547,someonerandom,1,30.0,30.0,15.0,3.0,0.1215,2.0,1,1
548,Clandestine,1,31.0,31.0,15.5,3.0,0.0268,0.0,1,1
549,Lordblaze,1,33.0,33.0,33.0,0.0,0.0076,1.0,1,1
550,Edelwijs,2,146.0,73.0,15.825,9.5,0.023350000000000003,1.5,2,2
551,decepticon,2,643.0,321.5,18.4,43.0,0.03015,9.5,1,2
552,XXXXX,2,581.0,290.5,16.65,31.5,0.0157,6.0,2,2
554,maschreier,2,287.0,143.5,12.100000000000001,27.5,0.06135,12.0,1,2
556,serialnumbers,2,45.0,22.5,22.5,10.5,0.09135,1.0,1,2
557,CheekyBastard,2,174.0,87.0,20.04,15.0,0.022949999999999998,1.0,1,2
559,picard1337,1,4.0,4.0,2.0,2.0,0.1111,3.0,1,1
560,SlipnslidesTCF,2,57.0,28.5,9.5,3.5,0.09435,0.0,2,2
561,bundlebrot,2,218.0,109.0,19.65,18.0,0.0707,0.0,2,2
562,jesse_pinkman,2,217.0,108.5,16.564999999999998,469.0,0.14835,11.5,2,2
563,payabuddy84,2,116.0,58.0,14.665,13.5,0.0233,1.0,2,2
564,kuroyuki,2,962.0,481.0,17.770000000000003,83.5,0.028900000000000002,4.0,2,2
565,firepredator,2,9.0,4.5,4.5,1.0,0.10525,0.0,1,2
566,7lifes,2,547.0,273.5,14.035,36.5,0.0083,7.0,2,2
567,The_PlayFex-PF,1,19.0,19.0,9.5,8.0,0.0,0.0,1,1
572,scorpio,2,76.0,38.0,9.5,11.5,0.05055,0.0,1,2
574,REAL_DEAL,2,123.0,61.5,13.724999999999998,11.5,0.033800000000000004,1.0,2,2
575,NW-Nugz,2,8096.0,4048.0,17.205000000000002,1844.5,0.2298,375.5,1,1
576,StaticShockk,2,484.0,242.0,15.635,42.5,0.03585,5.5,1,1
577,montana2014,2,512.0,256.0,11.3,59.0,0.056249999999999994,18.0,1,2
578,Kai10,2,589.0,294.5,21.29,46.0,0.060149999999999995,3.0,2,2
580,zero,2,293.0,146.5,27.45,20.0,0.02955,1.0,2,2
581,mazaka,2,726.0,363.0,8.77,167.0,0.18725000000000003,139.5,2,2
584,damnson,2,62.0,31.0,8.135,5.5,0.031799999999999995,0.0,1,1
586,germcage,2,56.0,28.0,10.335,3.5,0.037000000000000005,0.0,1,1
588,northern_rock,1,8.0,8.0,8.0,2.0,0.0,0.0,1,1
589,putinwork62,2,394.0,197.0,32.585,34.5,0.02155,10.0,1,1
590,tostig,2,857.0,428.5,15.54,107.5,0.0,7.0,2,2
591,wutang,2,55.0,27.5,10.0,3.5,0.03025,0.5,2,2
595,satoshi,2,344.0,172.0,17.96,31.0,0.0592,1.0,2,2
596,ruthgoldberg,2,85.0,42.5,21.25,7.5,0.01235,0.5,2,2
597,rellyromero83,2,456.0,228.0,16.285,22.0,0.025599999999999998,12.5,1,1
598,drunkenmonkey,2,715.0,357.5,15.545,68.5,0.029199999999999997,7.0,2,2
600,clydesdalepig,2,235.0,117.5,34.205,13.0,0.02565,11.5,2,2
601,smith2357,2,164.0,82.0,20.5,12.5,0.033850000000000005,0.0,2,2
602,kingsmiley,2,274.0,137.0,18.355,15.5,0.030950000000000002,0.0,1,2
603,oczykobry,2,191.0,95.5,19.715,11.5,0.0224,0.5,2,2
604,maxmax,2,17.0,8.5,8.5,1.0,0.0,0.0,2,2
605,hello_world,2,332.0,166.0,13.16,46.5,0.01925,1.5,2,2
606,poopmachine,1,8.0,8.0,8.0,1.0,0.0,0.0,1,1
607,abcd,2,61.0,30.5,20.0,4.5,0.009,0.0,1,1
608,Dorris,2,69.0,34.5,10.375,4.5,0.03135,2.0,1,1
609,Totothedog29,2,50.0,25.0,4.0600000000000005,15.5,0.0397,2.0,1,1
613,Gorbaz,2,680.0,340.0,20.025,75.5,0.05895,33.5,1,2
614,kpee78,1,29.0,29.0,29.0,4.0,0.0385,2.0,1,1
615,ccj9,1,15.0,15.0,5.0,3.0,0.0484,0.0,1,1
617,mikedelacruz,2,367.0,183.5,15.309999999999999,37.0,0.0453,9.0,2,2
619,euro,2,85.0,42.5,10.965,6.5,0.0294,1.0,2,2
620,t3hk4hn,2,221.0,110.5,13.690000000000001,27.0,0.0528,8.5,2,2
623,max555,2,414.0,207.0,28.665,16.5,0.02245,4.5,2,2
624,Madmartigan,2,68.0,34.0,9.835,6.5,0.045649999999999996,0.0,1,1
626,cardingzone,1,44.0,44.0,14.67,8.0,0.0663,2.0,1,1
628,segvec1,2,641.0,320.5,11.25,77.0,0.048600000000000004,9.5,1,1
630,johnthebaptist,2,552.0,276.0,18.405,108.5,0.050499999999999996,55.0,2,2
631,pseudovapor,2,211.0,105.5,24.9,8.0,0.00995,2.5,2,2
632,finesser,2,511.0,255.5,21.16,37.0,0.02935,3.0,2,2
633,Sweetandsour,2,308.0,154.0,14.39,14.0,0.0234,1.0,2,2
636,wallstreet,2,109.0,54.5,10.9,9.0,0.03565,1.5,1,1
637,dirt,2,138.0,69.0,15.275,9.5,0.0594,8.0,2,2
639,sc485,2,80.0,40.0,10.0,8.5,0.0621,0.5,1,1
642,tcf01,2,296.0,148.0,10.555,31.0,0.0441,8.5,1,1
644,happy2014,1,400.0,400.0,20.0,53.0,0.036,14.0,1,1
647,HFacre,2,65.0,32.5,23.0,2.5,0.06625,9.0,2,2
650,cyber_ghost,1,19.0,19.0,9.5,6.0,0.0139,8.0,1,1
653,skimascot,2,997.0,498.5,20.4,70.0,0.0327,6.5,2,2
654,georgekush,2,89.0,44.5,22.375,7.0,0.031,10.0,2,2
655,frankqian,2,43.0,21.5,6.085,5.0,0.0707,2.0,2,2
660,Philip,2,42.0,21.0,9.375,2.5,0.07469999999999999,1.0,2,2
661,Gyrojosh,2,159.0,79.5,10.1,13.5,0.1099,1.0,2,2
663,heisenberg,2,115.0,57.5,10.285,14.5,0.0272,2.0,2,2
665,stuggi_to,1,55.0,55.0,9.17,9.0,0.0196,2.0,1,1
666,crystalclear,2,128.0,64.0,8.32,33.5,0.0895,21.0,1,1
668,TehRah,1,9.0,9.0,9.0,2.0,0.0385,0.0,1,1
671,joeyron,2,156.0,78.0,15.940000000000001,12.0,0.09615000000000001,0.0,1,1
676,allyourbase,2,146.0,73.0,13.0,14.0,0.042499999999999996,26.0,2,2
677,celes,1,28.0,28.0,28.0,4.0,0.0777,0.0,1,1
678,dixa,2,54.0,27.0,7.17,10.0,0.1593,8.0,2,2
681,flacko1313,2,365.0,182.5,21.625,21.5,0.0072,6.5,1,1
682,lightway99,2,127.0,63.5,6.35,12.0,0.026049999999999997,4.0,1,2
683,UKrime,2,313.0,156.5,8.695,27.5,0.0246,21.0,1,2
686,mentus,2,506.0,253.0,15.625,52.0,0.0295,6.0,2,2
689,darkunion,2,644.0,322.0,17.125,40.5,0.0142,6.5,1,2
690,RandomNigger,2,167.0,83.5,24.25,9.0,0.04295,3.5,2,2
691,arkasiawubs,2,86.0,43.0,11.935,6.5,0.023,2.5,1,1
692,tesla,2,88.0,44.0,9.35,10.5,0.0471,5.5,1,1
694,mtl1213,2,218.0,109.0,10.870000000000001,28.0,0.043,6.0,2,2
695,F007,2,1235.0,617.5,12.605,188.0,0.05595,17.5,2,2
696,wolfproduction,2,324.0,162.0,81.0,239.0,0.0905,23.0,1,2
697,qwerty996,2,242.0,121.0,13.675,20.5,0.03885,0.5,1,2
700,RC4Everyone,2,411.0,205.5,23.045,16.0,0.051250000000000004,1.5,2,2
703,DrEarnhardt,1,432.0,432.0,18.0,288.0,0.3941,506.0,1,1
705,Camill,2,1081.0,540.5,18.119999999999997,122.0,0.0436,35.0,1,2
706,cerberys,2,151.0,75.5,13.835,9.0,0.0324,0.0,1,1
707,blacksheep666,2,43.0,21.5,7.875,5.5,0.039650000000000005,1.5,1,1
709,crustybacon,1,0.0,0.0,0.0,1.0,0.0,0.0,1,1
711,trawoj,1,65.0,65.0,13.0,8.0,0.0413,3.0,1,1
712,IsellCC,2,436.0,218.0,9.83,45.5,0.0738,8.5,2,2
713,Dakota,1,5.0,5.0,5.0,1.0,0.1111,0.0,1,1
714,olipig,1,29.0,29.0,9.67,6.0,0.0377,1.0,1,1
715,kam27,2,274.0,137.0,23.345,29.5,0.03105,5.0,1,2
718,ciemny,2,298.0,149.0,24.835,14.0,0.101,3.0,2,2
719,Cypher,2,305.0,152.5,12.86,26.5,0.0312,6.5,2,2
722,Waingr0,2,363.0,181.5,16.235,31.0,0.01915,5.5,2,2
723,trabbadoo,2,126.0,63.0,9.8,16.0,0.036500000000000005,9.5,1,2
724,anonpsychosis,2,500.0,250.0,16.625,43.5,0.03945,7.0,2,2
725,abc321,2,318.0,159.0,12.73,35.5,0.06695000000000001,8.5,2,2
728,Arachidonic,2,73.0,36.5,12.17,5.5,0.053000000000000005,1.0,1,1
733,Doisti74,2,656.0,328.0,15.985000000000001,80.0,0.04995,11.0,2,2
734,getm0n3y,2,483.0,241.5,21.055,38.0,0.02305,4.0,2,2
736,moneybagz91,1,1.0,1.0,1.0,2.0,0.1667,0.0,1,1
737,iPadCrook,2,224.0,112.0,16.55,21.5,0.0622,4.0,1,1
738,kovkov75,1,76.0,76.0,15.2,11.0,0.2213,65.0,1,1
739,Einstein,2,175.0,87.5,12.5,15.0,0.0189,0.5,1,1
741,unmodjo,2,43.0,21.5,9.835,3.5,0.03175,0.0,2,2
742,xzibitbr,2,395.0,197.5,24.134999999999998,32.5,0.07635,8.5,2,2
743,osokrazy77,2,158.0,79.0,7.9,18.0,0.0097,7.0,1,2
747,hax0r,2,677.0,338.5,20.875,44.5,0.043,10.0,1,1
748,lionheartps,2,673.0,336.5,20.63,74.0,0.03395,21.5,1,2
749,odinzc,2,397.0,198.5,25.575000000000003,35.0,0.0256,17.0,1,1
756,mediterrano,1,11.0,11.0,5.5,2.0,0.0417,0.0,1,1
757,SpiritualDevil,2,91.0,45.5,11.635,8.0,0.028650000000000002,2.5,1,2
763,Millz,2,425.0,212.5,15.735,34.0,0.03495,3.0,2,2
767,Samson,2,311.0,155.5,20.35,22.0,0.0217,0.0,2,2
768,hacking,2,202.0,101.0,10.280000000000001,45.0,0.1945,30.0,2,2
772,oldschool,2,222.0,111.0,17.1,21.0,0.03425,0.5,2,2
773,pabloshrimp,2,1239.0,619.5,44.75,287.0,0.0318,14.0,2,2
774,honestysims,2,186.0,93.0,13.855,18.5,0.0116,2.5,2,2
776,strace,2,546.0,273.0,12.54,52.0,0.04345,6.0,2,2
777,gas299,2,81.0,40.5,13.5,7.0,0.02105,1.0,1,1
778,MP5K,2,70.0,35.0,13.915,5.5,0.023299999999999998,1.0,2,2
779,v4cable,2,501.0,250.5,15.365,63.0,0.0442,9.5,1,1
781,stealth38,2,545.0,272.5,18.195,37.5,0.022949999999999998,5.5,2,2
782,ppman,2,70.0,35.0,16.665,5.5,0.0547,0.0,2,2
784,sharky,2,9.0,4.5,4.5,0.5,0.0122,0.0,1,1
788,balo77,2,578.0,289.0,13.73,68.5,0.0247,15.5,1,2
792,Container45158,2,466.0,233.0,31.445,54.0,0.18295,131.0,2,2
793,skybri,2,455.0,227.5,19.93,41.0,0.01895,10.0,2,2
794,AltairII,2,51.0,25.5,17.835,7.0,0.06565,0.5,1,1
795,chuckfinley1,1,7.0,7.0,3.5,1.0,0.0645,0.0,1,1
802,metaman,2,82.0,41.0,6.75,7.5,0.0611,0.0,2,2
803,HDBSTA,1,20.0,20.0,10.0,4.0,0.0,0.0,1,1
805,TrinidadJames,1,208.0,208.0,26.0,64.0,0.105,0.0,1,1
806,GoonData,1,20.0,20.0,10.0,2.0,0.027,0.0,1,1
807,Secilon,2,791.0,395.5,20.61,53.5,0.0453,13.0,1,1
808,conquistador,2,70.0,35.0,15.0,4.5,0.035250000000000004,1.0,2,2
809,doebyday,2,348.0,174.0,174.0,9.0,0.0,1.0,2,2
811,sparrowkiller,2,308.0,154.0,26.275,31.5,0.06835000000000001,9.0,1,2
812,Reactoher,1,33.0,33.0,33.0,3.0,0.0333,1.0,1,1
816,jettaboy,2,403.0,201.5,18.490000000000002,37.5,0.03725,11.5,2,2
817,Dogman1,2,522.0,261.0,15.1,47.5,0.04295,8.5,2,2
818,LostOne,2,199.0,99.5,11.055,18.0,0.0377,11.0,2,2
819,Beachside,2,39.0,19.5,6.5,5.5,0.06785,1.0,1,1
820,kingchin123vz,2,56.0,28.0,15.2,5.0,0.0532,0.0,2,2
822,MEGA_PHARMA,2,308.0,154.0,18.23,67.0,0.41555,125.0,2,2
823,justanaccount,2,113.0,56.5,8.82,13.0,0.0139,2.5,2,2
825,Actavis,2,161.0,80.5,16.1,11.5,0.046799999999999994,2.5,2,2
827,danglesac1234,2,79.0,39.5,13.165,7.5,0.0384,2.5,1,2
828,caffeinecraze,2,45.0,22.5,11.25,5.0,0.08415,0.0,2,2
829,bjason,2,60.0,30.0,8.395,12.0,0.053849999999999995,3.5,1,1
831,llexa,2,158.0,79.0,15.799999999999999,9.0,0.032,0.0,2,2
833,conork,2,59.0,29.5,5.07,10.0,0.0798,3.5,2,2
835,will2468-2,2,408.0,204.0,8.27,116.5,0.006200000000000001,10.0,2,2
837,smocker66,2,84.0,42.0,14.0,9.5,0.023299999999999998,14.5,1,1
839,crappy2u,1,7.0,7.0,3.5,2.0,0.1111,0.0,1,1
840,userabuser,2,203.0,101.5,12.815000000000001,111.0,0.06095,22.5,1,1
841,irockfm2,2,187.0,93.5,31.0,19.0,0.0408,0.0,2,2
842,Yasuo,2,1615.0,807.5,13.015,383.0,0.08715,36.0,1,1
844,eyesonly456,2,511.0,255.5,21.265,32.0,0.0314,16.0,1,2
846,Coin,2,1009.0,504.5,14.239999999999998,280.5,0.09409999999999999,53.5,1,1
849,BlakBird,2,161.0,80.5,12.43,32.5,0.2478,56.5,1,1
850,fullze,2,105.0,52.5,11.225,11.5,0.0469,0.5,2,2
852,maaadcity,2,513.0,256.5,13.985,53.0,0.044449999999999996,20.0,2,2
853,FlavioLHP,2,172.0,86.0,14.05,14.0,0.05405,4.0,1,1
857,Hannibal,2,123.0,61.5,10.185,9.5,0.0317,0.5,2,2
858,Stranger3,2,212.0,106.0,21.2,12.5,0.0345,6.5,1,2
859,ExaltedKnight,2,428.0,214.0,20.2,32.0,0.019549999999999998,12.5,1,2
860,brabus63,1,57.0,57.0,14.25,5.0,0.0481,4.0,1,1
862,hacknbuy,2,65.0,32.5,9.5,16.0,0.02715,0.5,2,2
863,PerpetualTourist,2,508.0,254.0,14.455,47.0,0.0518,0.5,1,1
864,lightblood,2,201.0,100.5,38.375,6.5,0.053649999999999996,2.0,2,2
866,shylock,2,52.0,26.0,13.0,4.5,0.02895,0.5,2,2
867,ghostmobb,2,217.0,108.5,10.045000000000002,24.0,0.0,2.0,2,2
868,24anon24,2,31.0,15.5,12.5,1.5,0.00715,1.0,2,2
870,Chuck,1,29.0,29.0,7.25,15.0,0.1404,0.0,1,1
872,furiouspun,2,99.0,49.5,24.75,3.5,0.0,4.5,2,2
873,kjmon,1,10.0,10.0,3.33,3.0,0.1053,0.0,1,1
874,jessicalee24,2,624.0,312.0,11.245000000000001,87.0,0.10295,34.5,2,2
875,scarletwinter,1,14.0,14.0,4.67,4.0,0.1091,0.0,1,1
877,DonHector,2,500.0,250.0,22.665,38.0,0.07955000000000001,1.5,2,2
879,strangeplace,1,32.0,32.0,10.67,3.0,0.0373,0.0,1,1
880,pdxblack,2,36.0,18.0,12.5,1.0,0.0536,0.0,1,1
881,tender,2,556.0,278.0,14.075,36.5,0.0412,22.5,2,2
882,GregoryHouse,2,478.0,239.0,17.14,32.0,0.03625,12.0,1,1
885,sonics,2,461.0,230.5,18.97,102.5,0.045950000000000005,20.5,2,2
886,nemesi,1,8.0,8.0,8.0,1.0,0.087,0.0,1,1
887,Deklaration,2,153.0,76.5,9.0,21.0,0.0603,7.0,1,2
890,4baIIz,2,268.0,134.0,22.04,11.0,0.0436,0.0,2,2
891,moruk,1,21.0,21.0,21.0,1.0,0.0,0.0,1,1
892,artofcarding,2,197.0,98.5,10.315000000000001,25.5,0.0353,3.0,2,2
893,mrwaterhands,2,226.0,113.0,14.13,17.0,0.02695,2.0,1,2
897,willyanpit,2,58.0,29.0,21.0,3.0,0.02795,0.0,2,2
899,getgreen,2,87.0,43.5,11.5,8.0,0.02095,0.0,1,1
901,Thoreaus,2,68.0,34.0,10.835,8.0,0.08735,1.5,2,2
902,prince_regent,2,172.0,86.0,21.5,12.0,0.024050000000000002,2.0,2,2
904,smart666tiger,2,525.0,262.5,29.23,145.5,0.51645,43.5,2,2
906,MaNigga,2,187.0,93.5,93.5,6.5,0.04385,3.5,1,1
910,danrieraland,2,158.0,79.0,12.925,18.0,0.027100000000000003,5.0,2,2
911,Prime,2,792.0,396.0,17.294999999999998,54.0,0.026099999999999998,4.5,2,2
914,caipiroska,2,18.0,9.0,9.0,1.0,0.0882,0.0,2,2
918,HaythamKenway,2,478.0,239.0,12.809999999999999,73.5,0.054849999999999996,6.0,2,2
919,MachineElves,2,836.0,418.0,21.32,162.0,0.0808,35.5,2,2
920,hellrazor,2,3290.0,1645.0,20.58,745.0,0.0685,787.5,1,1
924,SmoothCriminal,2,317.0,158.5,13.11,33.5,0.04395,11.5,2,2
929,skim_milk,2,131.0,65.5,17.375,14.0,0.0282,12.5,2,2
930,tito970,2,32.0,16.0,7.665,4.0,0.0174,0.0,1,2
931,vaxavaxa,2,78.0,39.0,39.0,0.5,0.0033,0.0,2,2
933,card,2,76.0,38.0,8.55,8.0,0.0,5.0,1,1
934,tatar4ik,2,28.0,14.0,4.6,3.0,0.05705,1.0,2,2
935,deltaconnection,2,435.0,217.5,17.305,32.0,0.02495,5.0,2,2
937,heosuavn,2,211.0,105.5,22.44,45.0,0.0195,3.5,2,2
942,thepentacodon,2,516.0,258.0,11.02,91.0,0.048299999999999996,7.5,2,2
943,SilkRoad2,2,140.0,70.0,17.75,17.5,0.0484,1.5,1,1
944,anontoker,2,30.0,15.0,9.25,2.0,0.11069999999999999,0.0,2,2
946,moka,2,684.0,342.0,9.72,153.0,0.056249999999999994,24.5,2,2
947,any1,2,216.0,108.0,28.865,12.0,0.01695,0.0,2,2
949,ginetto,2,314.0,157.0,17.445,21.0,0.019450000000000002,3.5,1,1
950,speedygonzales,2,114.0,57.0,13.2,12.0,0.021150000000000002,4.0,2,2
951,CheapPP,2,432.0,216.0,16.37,29.5,0.0287,1.0,2,2
952,Verdena,2,22.0,11.0,7.75,2.5,0.02855,0.0,1,2
956,jojothedevil,2,154.0,77.0,16.975,5.5,0.04295,0.5,2,2
957,CUNTLORD,2,88.0,44.0,11.25,8.0,0.01075,0.0,1,2
958,yellfire95,2,41.0,20.5,7.375,2.0,0.09595,0.0,1,1
963,jtbaxter,2,402.0,201.0,17.61,28.0,0.0438,14.0,1,1
965,Draculea,2,235.0,117.5,13.825,33.5,0.04635,4.5,2,2
969,Obama,2,102.0,51.0,12.780000000000001,18.0,0.03065,1.5,2,2
974,gaychat,2,321.0,160.5,16.995,116.5,0.07100000000000001,49.5,2,2
975,shogun0,1,5.0,5.0,5.0,1.0,0.05,0.0,1,1
977,dirtyboot,2,99.0,49.5,15.56,9.0,0.026699999999999998,1.0,2,2
981,fresh_prince_Ca,1,19.0,19.0,19.0,3.0,1.0,0.0,1,1
984,H3LL_If_I_Kn0w,1,66.0,66.0,22.0,9.0,0.3093,0.0,1,1
985,Hypothermia,1,17.0,17.0,8.5,2.0,0.05,0.0,1,1
986,Sixty,2,54.0,27.0,5.335,6.0,0.03625,0.0,2,2
989,nine,2,178.0,89.0,16.5,66.5,0.23115,219.0,1,1
990,GeorgeWBush,2,17.0,8.5,2.875,3.0,0.0,2.0,1,2
991,JulesWinnfield,2,42.0,21.0,14.25,3.0,0.03225,0.5,2,2
992,Vundervelt,1,158.0,158.0,17.56,22.0,0.0302,1.0,1,1
994,daywalker,2,54.0,27.0,10.665,10.0,0.04885,0.5,1,2
995,mercer8796,1,15.0,15.0,15.0,3.0,0.0,0.0,1,1
999,agpleasestandup,1,49.0,49.0,16.33,8.0,0.025,3.0,1,1
1002,Kredo,2,123.0,61.5,18.1,13.5,0.03375,4.0,2,2
1003,Stone,1,5.0,5.0,5.0,2.0,0.1429,0.0,1,1
1008,hsodhod79,2,116.0,58.0,16.265,8.0,0.0278,1.5,2,2
1009,corleone,2,310.0,155.0,16.61,30.0,0.055349999999999996,7.5,2,2
1011,j0eboy,2,498.0,249.0,21.560000000000002,35.0,0.023,14.5,1,1
1014,ccbuyer,2,124.0,62.0,12.399999999999999,5.0,0.02315,2.0,2,2
1015,rufasduke,1,11.0,11.0,11.0,1.0,0.0,0.0,1,1
1016,GANSA-Vepyr,2,84.0,42.0,10.17,5.0,0.032850000000000004,0.5,1,1
1017,venom1852,2,50.0,25.0,14.0,3.0,0.0211,0.0,1,2
1019,Punisher80,2,92.0,46.0,16.5,8.5,0.02805,0.0,2,2
1020,overlap,2,170.0,85.0,10.215,15.0,0.0392,1.5,2,2
1022,Rhadoscht,2,100.0,50.0,11.325,10.0,0.0545,4.0,1,2
1024,ruso,2,36.0,18.0,6.125,6.5,0.038650000000000004,0.5,2,2
1026,chico1979,1,97.0,97.0,97.0,0.0,0.0,0.0,1,1
1029,PapiPapi,2,34.0,17.0,10.75,3.0,0.06155,0.0,1,1
1030,guwop10,2,61.0,30.5,20.5,4.0,0.0092,0.5,2,2
1031,fbgduck55,2,763.0,381.5,22.795,79.5,0.022949999999999998,11.5,1,2
1032,lil_boosie,2,120.0,60.0,15.0,5.5,0.01895,1.5,1,1
1033,WoHeLo,2,1359.0,679.5,16.205,278.5,0.04895,68.5,1,1
1034,jwaggar,2,204.0,102.0,15.129999999999999,19.5,0.06899999999999999,1.5,2,2
1036,fastcl4ss,2,399.0,199.5,19.25,21.5,0.01925,0.0,1,1
1040,bipolar2,2,185.0,92.5,14.2,12.5,0.046,1.5,2,2
1042,TatyThai,2,98.0,49.0,12.25,9.5,0.045399999999999996,0.0,1,1
1045,BuckRogers,2,245.0,122.5,32.375,12.5,0.0257,1.5,2,2
1047,boab,2,339.0,169.5,16.89,25.0,0.04215,2.0,1,1
1048,Mrfluff,2,16.0,8.0,8.0,0.5,0.09975,0.0,2,2
1050,biluzinha,2,191.0,95.5,12.335,16.5,0.04595,4.0,1,2
1053,frugo,2,90.0,45.0,13.125,5.0,0.0329,0.0,2,2
1054,bouyaka,2,90.0,45.0,11.25,13.0,0.0393,11.0,2,2
1056,newlife,1,21.0,21.0,10.5,7.0,0.0225,0.0,1,1
1058,ScoobyJew,2,540.0,270.0,10.0,59.5,0.0451,8.5,2,2
1059,brainchild,1,46.0,46.0,9.2,11.0,0.1145,0.0,1,1
1060,Hubsucks,1,109.0,109.0,21.8,14.0,0.0329,4.0,1,1
1063,GermanySupport,1,90.0,90.0,45.0,6.0,0.1455,17.0,1,1
1065,Flamingo,2,9.0,4.5,2.5,5.5,0.14545,0.0,2,2
1070,forever,2,18.0,9.0,9.0,5.0,0.0571,0.0,2,2
1071,BogiBogi,1,36.0,36.0,9.0,9.0,0.0365,0.0,1,1
1072,moneymoney2020,2,574.0,287.0,20.02,52.5,0.2395,126.0,2,2
1074,krakenwagen,2,183.0,91.5,16.8,10.5,0.02115,3.0,2,2
1076,selectraz,2,626.0,313.0,17.505,51.0,0.04635,11.0,2,2
1077,ppman_temp,1,15.0,15.0,5.0,4.0,0.0794,0.0,1,1
1079,gilevich,2,292.0,146.0,10.42,40.5,0.08085,32.0,1,2
1080,sonicoo,2,257.0,128.5,20.955,13.0,0.02845,3.5,1,2
1082,fcku,2,483.0,241.5,12.325,58.0,0.04775,13.5,2,2
1083,PinkFox,2,134.0,67.0,17.0,9.5,0.0408,1.0,1,2
1086,monkey,2,273.0,136.5,10.725,21.5,0.055400000000000005,1.5,2,2
1090,safedealer88,2,207.0,103.5,24.5,5.5,0.0274,6.5,2,2
1091,justinbieber,2,218.0,109.0,13.62,7.0,0.0,3.0,2,2
1093,pl3r,2,1214.0,607.0,10.595,350.0,0.05705,219.0,1,2
1096,whycorruptworld,2,1720.0,860.0,17.115,151.5,0.013399999999999999,10.0,2,2
1097,politicalthief,2,457.0,228.5,12.114999999999998,54.0,0.02755,11.0,2,2
1102,cardbuyer,2,325.0,162.5,19.015,15.5,0.01885,1.0,2,2
1105,StayRunnin,2,317.0,158.5,18.939999999999998,15.0,0.0148,0.0,1,1
1106,HermetTheKermit,2,47.0,23.5,8.915,7.0,0.045450000000000004,5.0,2,2
1107,StillTerminal,2,196.0,98.0,10.885,30.5,0.15335,8.0,2,2
1108,_Anonymous,2,642.0,321.0,17.97,74.0,0.0448,14.0,2,2
1110,frithnar,2,1078.0,539.0,16.415,93.0,0.0417,9.5,1,2
1112,walter14,1,3.0,3.0,3.0,0.0,0.0,0.0,1,1
1117,TerminXal,1,40.0,40.0,20.0,15.0,0.1879,0.0,1,1
1119,garciadaniel,1,32.0,32.0,6.4,7.0,0.0368,0.0,1,1
1123,PoliceOfficerMax,2,111.0,55.5,11.835,7.5,0.0503,1.0,2,2
1124,sterling,2,404.0,202.0,17.555,17.0,0.0503,0.0,2,2
1127,sledgehammeratm,1,44.0,44.0,22.0,1.0,0.0,0.0,1,1
1128,jabbajabba,2,313.0,156.5,15.235,34.0,0.0293,10.5,2,2
1131,alprazi,2,76.0,38.0,13.105,8.0,0.03855,0.0,1,2
1132,stoney,2,44.0,22.0,7.33,5.0,0.04525,4.5,2,2
1134,und3r_,2,56.0,28.0,11.125,7.0,0.0,0.5,1,1
1138,Cannaseed,1,64.0,64.0,16.0,9.0,0.0728,1.0,1,1
1140,KingTut,2,411.0,205.5,12.649999999999999,55.0,0.0368,45.5,2,2
1141,blownaway44,1,79.0,79.0,15.8,15.0,0.0,0.0,1,1
1147,DeepCyberFlyer,2,359.0,179.5,12.350000000000001,27.5,0.022850000000000002,1.0,2,2
1148,Billbrownx1,1,12.0,12.0,12.0,3.0,0.0,4.0,1,1
1150,Wcorrdell,2,89.0,44.5,11.565000000000001,11.0,0.0101,2.0,1,2
1155,maelradec,2,156.0,78.0,13.935,12.0,0.0527,2.5,1,1
1156,0x33,2,483.0,241.5,24.085,73.5,0.07015,31.5,2,2
1157,KDCC,1,26.0,26.0,13.0,3.0,0.0174,0.0,1,1
1158,connermay1234,2,481.0,240.5,16.185,38.5,0.0158,9.0,1,1
1160,Millionaire,2,236.0,118.0,11.5,18.5,0.0264,3.5,1,2
1162,MoneyAndHoes,2,630.0,315.0,33.25,36.5,0.02905,28.5,1,1
1164,rayray60,2,22.0,11.0,11.0,0.5,0.00625,0.5,2,2
1165,jhonny,2,79.0,39.5,11.5,6.5,0.0414,1.5,1,2
1167,smokespot,2,19.0,9.5,6.0,2.5,0.04145,0.0,2,2
1170,ohjohn,2,103.0,51.5,16.285,4.5,0.0,1.5,2,2
1171,DunDeal,2,63.0,31.5,6.0,10.5,0.0576,6.5,1,1
1173,l3gion,2,141.0,70.5,17.435000000000002,11.0,0.084,0.5,2,2
1174,k3lsocalled,2,366.0,183.0,28.82,18.0,0.0175,3.5,2,2
1175,kikoo,2,69.0,34.5,5.4399999999999995,12.5,0.1006,12.5,1,1
1178,stoner004,2,136.0,68.0,19.04,5.0,0.0058,2.5,2,2
1179,bigjim,2,578.0,289.0,16.085,48.0,0.0324,13.0,2,2
1180,AppleJacks98,2,108.0,54.0,13.5,8.5,0.03375,2.5,2,2
1182,Skippy,2,1235.0,617.5,7.495,538.5,0.8833,956.0,1,2
1183,realias,2,95.0,47.5,11.635,9.5,0.01865,9.0,2,2
1184,blacksmith1905,2,25.0,12.5,6.25,8.0,0.0223,0.0,2,2
1186,toffler,2,20.0,10.0,7.75,2.5,0.09040000000000001,0.0,2,2
1188,mdparity,2,176.0,88.0,13.0,15.0,0.06155,2.5,1,1
1189,blackcoin,2,236.0,118.0,10.49,22.0,0.04,3.0,1,1
1190,alphawolf89,2,422.0,211.0,19.6,42.0,0.04925,27.0,2,2
1194,willyclock3,2,1977.0,988.5,18.38,200.5,0.030350000000000002,32.0,2,2
1195,marcopolo,1,72.0,72.0,12.0,13.0,0.018,11.0,1,1
1197,maxhavelaar,2,207.0,103.5,8.969999999999999,83.0,0.12129999999999999,86.0,1,1
1199,infotrade,2,86.0,43.0,8.915,10.0,0.0426,10.0,2,2
1200,kill_the_noise,2,66.0,33.0,12.625,8.0,0.0886,10.5,1,1
1202,Maniac,2,217.0,108.5,11.585,22.0,0.0349,0.0,2,2
1205,creditline,2,21.0,10.5,2.5,9.5,0.00595,9.0,2,2
1206,eshaft,2,123.0,61.5,17.895,10.5,0.13725,2.5,1,2
1207,transcendence,2,362.0,181.0,13.785,49.5,0.0374,36.5,2,2
1208,joseperez,2,206.0,103.0,23.35,9.0,0.026600000000000002,2.0,1,1
1209,cl3verm4n,2,449.0,224.5,28.064999999999998,37.0,0.019950000000000002,26.0,1,1
1211,berna,2,64.0,32.0,25.5,5.0,0.02685,0.0,2,2
1213,lolmin,2,34.0,17.0,17.0,3.5,0.02325,3.0,1,2
1216,zero420,2,80.0,40.0,6.195,18.0,0.050949999999999995,0.0,2,2
1217,rdpking,1,73.0,73.0,12.17,15.0,0.1433,18.0,1,1
1220,vin_diesel,2,215.0,107.5,14.920000000000002,15.0,0.06105,1.5,2,2
1222,johnwalter,2,167.0,83.5,12.075,11.5,0.0386,6.0,1,1
1223,unko2014,2,63.0,31.5,13.165,8.0,0.0339,6.5,2,2
1238,Forest,2,440.0,220.0,64.21000000000001,16.0,0.012199999999999999,2.0,1,2
1239,cybertrack,2,839.0,419.5,28.915,86.0,0.08585000000000001,184.5,1,1
1240,stealthman,2,467.0,233.5,12.93,53.0,0.04065,8.0,2,2
1241,Dionysus,2,23.0,11.5,4.665,6.0,0.10894999999999999,0.0,2,2
1243,eucards,2,341.0,170.5,12.585,30.0,0.0223,6.5,1,1
1244,sosa187,2,379.0,189.5,14.059999999999999,54.5,0.04455,34.0,2,2
1245,ukresearch,2,547.0,273.5,18.505,47.0,0.0444,8.5,1,1
1246,JERRYMCGUIRE,2,652.0,326.0,13.6,65.5,0.03365,43.5,2,2
1247,whitewall,2,54.0,27.0,9.0,11.0,0.12075,1.0,2,2
1248,dejavu,2,34.0,17.0,12.75,2.0,0.0,2.0,1,1
1251,larrymitt,1,11.0,11.0,5.5,3.0,0.0172,1.0,1,1
1252,SamWalton,2,110.0,55.0,6.35,21.0,0.10075,12.0,2,2
1253,moneyinc,2,30.0,15.0,7.75,1.5,0.09209999999999999,0.0,1,1
1254,nathan,2,322.0,161.0,13.305,26.0,0.029200000000000004,16.5,1,2
1256,Timmy,2,696.0,348.0,14.33,52.5,0.0286,1.0,2,2
1258,klosterbier,2,89.0,44.5,10.325,11.0,0.09975,2.0,2,2
1263,TheRealRevivalry,2,255.0,127.5,15.375,62.0,0.44784999999999997,73.5,1,1
1268,kesh,2,483.0,241.5,12.405000000000001,41.0,0.0308,9.0,1,2
1271,darkstar39,1,32.0,32.0,10.67,4.0,0.0076,0.0,1,1
1272,aceroman,2,464.0,232.0,24.71,35.0,0.025300000000000003,9.5,2,2
1273,business,2,106.0,53.0,10.809999999999999,6.5,0.02905,0.0,2,2
1274,Bannor,1,69.0,69.0,13.8,11.0,0.033,0.0,1,1
1275,chrisog1977,2,111.0,55.5,7.8,15.5,0.08495,3.0,1,2
1278,wasteman,1,45.0,45.0,45.0,3.0,0.0,0.0,1,1
1280,iHateGoogle,2,444.0,222.0,18.835,26.0,0.0348,6.5,2,2
1282,T0gS5t1n,1,17.0,17.0,17.0,3.0,0.0597,0.0,1,1
1292,Red-CCC,2,145.0,72.5,13.035,16.0,0.058649999999999994,7.5,1,1
1293,bas30,1,140.0,140.0,20.0,50.0,0.2353,7.0,1,1
1302,danpaddyandy,2,66.0,33.0,11.0,5.5,0.0276,4.5,1,1
1304,munkyman,2,344.0,172.0,9.085,23.5,0.0725,1.5,1,1
1309,bradpitt,2,263.0,131.5,20.13,14.5,0.0524,5.5,1,1
1310,reasonable-doubt,2,968.0,484.0,13.14,185.5,0.05475,31.5,2,2
1311,luckyl,1,4.0,4.0,4.0,0.0,0.05,0.0,1,1
1312,zaaaaz,2,17.0,8.5,5.0,2.5,0.15675,0.0,1,1
1313,imbeast,2,361.0,180.5,31.439999999999998,17.0,0.0424,4.5,2,2
1315,pakman1976,2,288.0,144.0,13.285,24.0,0.0493,0.0,2,2
1319,Reggi,2,480.0,240.0,19.265,36.0,0.0385,0.5,1,2
1320,MagicGathering,2,733.0,366.5,19.385,48.0,0.02935,4.0,2,2
1321,howlingmonk,2,61.0,30.5,9.875,6.5,0.0984,3.5,2,2
1324,dustination,2,107.0,53.5,8.415,18.5,0.0462,5.5,1,1
1326,Ch3mist,2,369.0,184.5,21.759999999999998,22.5,0.01975,0.5,2,2
1330,osvaldo_23cm,1,21.0,21.0,5.25,4.0,0.0533,0.0,1,1
1331,pirosin,2,26.0,13.0,3.625,4.5,0.0,0.0,2,2
1332,theonly,1,57.0,57.0,9.5,9.0,0.0515,0.0,1,1
1333,twoonezero,2,96.0,48.0,17.25,5.5,0.02675,2.0,2,2
1334,Midnyt,1,19.0,19.0,3.8,5.0,0.1233,0.0,1,1
1338,MasterHax,2,291.0,145.5,13.754999999999999,34.5,0.0635,17.0,2,2
1341,Sacky,2,492.0,246.0,11.85,63.5,0.0415,20.0,2,2
1342,surething,2,133.0,66.5,10.02,15.0,0.07615,7.0,1,1
1344,Khalifa,2,509.0,254.5,14.93,45.5,0.0449,4.5,1,1
1346,aquarius,2,230.0,115.0,16.555,35.5,0.06029999999999999,22.0,2,2
1348,chucky,1,26.0,26.0,3.71,12.0,0.0887,1.0,1,1
1349,RICH_KUKLINSKI,2,527.0,263.5,13.27,46.5,0.056249999999999994,20.0,1,2
1350,Trasm,1,54.0,54.0,18.0,7.0,0.0275,4.0,1,1
1357,creditcardhelp,2,60.0,30.0,14.0,2.0,0.0,0.0,1,1
1360,krat0s,2,56.0,28.0,10.75,8.5,0.032100000000000004,1.0,1,2
1367,dumpzt3r,1,424.0,424.0,16.31,75.0,0.0319,12.0,1,1
1371,wally831,2,176.0,88.0,14.985,8.0,0.022949999999999998,3.0,1,1
1372,Nono9,2,558.0,279.0,14.855,97.5,0.16344999999999998,57.5,2,2
1373,BrazilSeedCo,2,98.0,49.0,6.78,11.0,0.10919999999999999,4.5,1,1
1374,stupid123,2,315.0,157.5,17.415,17.0,0.02265,5.5,2,2
1375,mantee,1,15.0,15.0,15.0,2.0,0.06,2.0,1,1
1377,Themoneyman,2,64.0,32.0,11.2,10.0,0.0249,4.0,1,2
1379,kmczboy,2,167.0,83.5,20.875,16.0,0.00715,5.0,2,2
1380,singular,1,24.0,24.0,8.0,5.0,0.0122,11.0,1,1
1381,jpinkman,2,153.0,76.5,11.8,11.5,0.038650000000000004,1.5,1,1
1382,wefinance,2,472.0,236.0,12.02,67.5,0.09465000000000001,7.0,2,2
1383,BlackLabel,2,527.0,263.5,20.39,39.0,0.028650000000000002,11.5,2,2
1384,jzimmer,2,95.0,47.5,38.75,6.0,0.0138,7.5,1,1
1385,tr0llfusionbuys,1,6.0,6.0,6.0,2.0,0.0417,0.0,1,1
1387,ihackdarkweb,2,53.0,26.5,6.5,12.0,0.37145,13.5,2,2
1388,ronaldo7,2,513.0,256.5,22.795,59.5,0.02155,8.5,2,2
1393,begood,2,74.0,37.0,9.25,5.0,0.04525,0.0,2,2
1395,pugna,2,473.0,236.5,12.985,50.0,0.0628,15.0,1,2
1398,fisherman,2,195.0,97.5,15.280000000000001,10.0,0.01015,2.5,1,1
1399,Stimulust,2,208.0,104.0,19.52,19.0,0.031,5.0,2,2
1401,TurtleTime,2,2180.0,1090.0,15.68,246.0,0.08310000000000001,139.5,2,2
1407,cabbie786,2,1012.0,506.0,14.370000000000001,111.5,0.05215,48.0,1,1
1408,tokey,1,31.0,31.0,15.5,3.0,0.0221,0.0,1,1
1409,jlovato,2,26.0,13.0,5.335,6.0,0.02245,5.5,2,2
1410,Obsidian,2,322.0,161.0,13.275,33.0,0.04935,10.0,1,1
1416,sky12,1,9.0,9.0,9.0,2.0,0.0204,0.0,1,1
1420,juankinter,1,6.0,6.0,6.0,1.0,0.0,0.0,1,1
1421,dupont,2,1028.0,514.0,15.575,96.5,0.036500000000000005,34.0,2,2
1424,optdread,2,617.0,308.5,10.415000000000001,86.0,0.06215,53.5,2,2
1429,prozacc,1,4.0,4.0,4.0,1.0,0.0,0.0,1,1
1430,helpyoustudy,2,396.0,198.0,15.985,20.5,0.038599999999999995,1.0,2,2
1431,qualityxl,2,287.0,143.5,14.405,28.0,0.0659,18.5,2,2
1434,JoeBloggs,2,379.0,189.5,18.595,22.0,0.0349,6.5,2,2
1454,ludovicoeinaudi,1,4.0,4.0,4.0,1.0,0.0,0.0,1,1
1462,mrpink,2,28.0,14.0,14.0,2.0,0.0159,0.0,2,2
1464,letmeknow2649,2,49.0,24.5,8.17,2.5,0.0,0.0,1,2
1466,sygma,1,31.0,31.0,10.33,13.0,0.0,2.0,1,1
1467,Deep_root,2,1730.0,865.0,16.975,325.5,0.054599999999999996,47.0,2,2
1470,aplemix4,2,40.0,20.0,14.75,3.0,0.0,2.5,1,2
1471,CableGuy,2,38.0,19.0,14.25,2.0,0.0601,0.0,2,2
1472,spinachman,2,264.0,132.0,17.615000000000002,18.5,0.02885,0.0,2,2
1473,magikkitty,2,129.0,64.5,13.45,52.5,0.044750000000000005,16.0,2,2
1474,boomertime420,2,161.0,80.5,60.25,2.5,0.0,2.0,2,2
1475,tow-u1,2,288.0,144.0,13.265,18.0,0.03175,5.5,1,2
1477,X-Neo,1,8.0,8.0,8.0,0.0,0.037,0.0,1,1
1478,adireb,2,981.0,490.5,32.225,89.5,0.02015,13.0,2,2
1480,m3wbie,2,137.0,68.5,7.865,32.0,0.051949999999999996,15.5,2,2
1482,midmod,2,134.0,67.0,19.04,9.5,0.0376,3.0,1,2
1483,monstermuncher,1,126.0,126.0,21.0,23.0,0.0429,2.0,1,1
1485,Fuzzer,1,0.0,0.0,0.0,1.0,0.0,0.0,1,1
1487,sn88p,2,412.0,206.0,13.125,85.0,0.07189999999999999,33.0,2,2
1489,beatlefangirl,2,621.0,310.5,12.0,30.5,0.0472,1.5,1,1
1490,MedIndia,2,510.0,255.0,25.25,92.0,0.28785,230.5,1,1
1491,sb23,2,19.0,9.5,9.5,0.0,0.0,0.0,2,2
1494,Db00001,2,193.0,96.5,11.685,22.5,0.02735,10.5,2,2
1495,SHADOWKERUBIN,1,30.0,30.0,30.0,1.0,0.097,0.0,1,1
1496,Cavo,2,41.0,20.5,7.0,9.0,0.08629999999999999,14.5,1,1
1502,Joeknowitall,1,19.0,19.0,19.0,2.0,0.0114,0.0,1,1
1503,DRshrooms,2,280.0,140.0,22.71,32.0,0.05715,27.5,1,1
1505,Daxx,2,1806.0,903.0,26.39,139.0,0.05115,91.5,2,2
1506,1timefooled,2,297.0,148.5,112.5,12.5,0.02135,7.5,2,2
1507,kamz901,2,104.0,52.0,19.625,8.5,0.02125,0.5,2,2
1509,trey3rd,1,90.0,90.0,22.5,12.0,1.0,6.0,1,1
1512,holyvaseline,2,0.0,0.0,0.0,2.0,0.0,0.0,1,1
1513,affhous2,2,210.0,105.0,10.05,33.5,0.03955,1.0,1,1
1514,blackmarketer,2,60.0,30.0,15.0,4.0,0.05755,0.0,2,2
1520,jj2k10,2,247.0,123.5,19.235,26.5,0.0673,8.0,1,2
1522,pirate,2,51.0,25.5,12.75,3.5,0.06655,0.0,1,1
1525,malucoch,1,17.0,17.0,8.5,5.0,0.0526,0.0,1,1
1530,BloodMoney,2,262.0,131.0,14.965,26.5,0.0211,0.0,2,2
1532,zabbebi,2,540.0,270.0,45.0,60.5,0.07345,46.0,2,2
1534,theimportant,1,66.0,66.0,8.25,15.0,0.0639,3.0,1,1
1539,e99mcmuff,2,326.0,163.0,28.564999999999998,14.0,0.0087,7.0,2,2
1540,philmitchell,2,348.0,174.0,13.469999999999999,74.0,0.0649,8.0,2,2
1541,goblinburner,1,20.0,20.0,20.0,0.0,0.0,0.0,1,1
1543,titlvr,2,1375.0,687.5,27.060000000000002,137.0,0.0804,43.0,1,1
1544,MickeyMouse,1,71.0,71.0,14.2,10.0,0.3636,0.0,1,1
1545,ARGOS,2,207.0,103.5,14.384999999999998,31.0,0.09505,24.5,1,1
1546,spoodle,2,66.0,33.0,9.29,8.0,0.01795,0.0,1,1
1547,dragonballz,1,5.0,5.0,1.67,7.0,0.0,0.0,1,1
1552,anonymous2,2,119.0,59.5,11.9,9.0,0.00855,0.0,1,1
1553,gripper,2,812.0,406.0,63.845,54.0,0.40835,26.0,1,1
1554,holdupboyz,1,23.0,23.0,5.75,3.0,0.0,0.0,1,1
1557,ezisagirl,2,80.0,40.0,20.0,6.0,0.05085,0.0,2,2
1558,tsotsobe,2,154.0,77.0,77.0,2.0,0.0,6.0,2,2
1559,peter_lustig_12,2,284.0,142.0,11.530000000000001,25.0,0.051000000000000004,10.5,1,1
1560,iBank,2,266.0,133.0,9.875,35.0,0.0587,18.0,1,1
1562,thepig33,2,148.0,74.0,14.125,5.5,0.005350000000000001,1.0,1,1
1564,lokmannen,2,1047.0,523.5,12.585,104.5,0.04705,35.5,1,2
1566,cocksucker1,2,57.0,28.5,19.25,4.0,0.0312,1.0,2,2
1567,412opiie,2,183.0,91.5,10.285,25.0,0.0479,16.0,1,1
1569,graveyclaus,2,33.0,16.5,8.25,3.5,0.0949,6.0,1,1
1573,Badoonga,2,506.0,253.0,13.12,43.5,0.06115,2.0,1,1
1574,hextor7,2,439.0,219.5,12.14,36.0,0.00465,7.0,1,2
1575,sky88,2,34.0,17.0,6.835,5.5,0.025,0.0,1,2
1578,Moniker,2,490.0,245.0,12.129999999999999,66.0,0.1586,14.0,1,1
1580,malverised321,1,41.0,41.0,8.2,8.0,0.0059,0.0,1,1
1581,justincase2k15,2,162.0,81.0,8.7,44.5,0.25485,58.5,2,2
1583,Tsadqiel,2,39.0,19.5,8.0,9.0,0.0575,11.0,1,2
1585,morgan88,2,155.0,77.5,10.959999999999999,10.5,0.04045,4.0,2,2
1590,szaduk,2,640.0,320.0,22.235,40.0,0.0195,9.5,2,2
1592,planet,2,76.0,38.0,10.915,7.0,0.07690000000000001,0.0,2,2
1593,dutchhaze,2,84.0,42.0,9.05,13.5,0.0627,1.5,1,2
1596,crystal_castles,2,338.0,169.0,17.845,87.0,0.33240000000000003,132.0,2,2
1599,skipstaa,2,31.0,15.5,9.165,3.0,0.0579,1.5,1,1
1600,Veeker,2,296.0,148.0,11.879999999999999,44.0,0.08399999999999999,19.5,2,2
1602,VoIvo,2,76.0,38.0,8.8,6.5,0.00355,0.0,2,2
1607,Doge,2,152.0,76.0,8.8,17.0,0.1293,5.0,2,2
1610,johnnyrebel,2,180.0,90.0,23.665,15.0,0.0246,3.5,2,2
1612,gory,2,60.0,30.0,7.865,4.0,0.25655,17.0,1,2
1613,kratas,1,24.0,24.0,8.0,5.0,0.022,0.0,1,1
1614,pinksocks,1,7.0,7.0,7.0,1.0,0.0,0.0,1,1
1615,EZTest,2,66.0,33.0,5.885,6.5,0.09845,0.0,2,2
1616,aly94,2,69.0,34.5,18.25,6.5,0.01835,1.0,1,2
1617,weiderman,2,113.0,56.5,18.0,9.0,0.01355,0.0,1,1
1621,Jaggernaught,2,311.0,155.5,16.59,39.0,0.1351,24.5,2,2
1622,oneil,2,940.0,470.0,11.46,155.0,0.0433,55.0,2,2
1623,DarkShades1,1,44.0,44.0,7.33,11.0,0.0526,3.0,1,1
1624,masterlinx,2,140.0,70.0,10.935,38.5,0.0911,52.5,2,2
1625,theguru,2,52.0,26.0,6.75,4.0,0.03855,0.0,1,1
1626,qsd91,2,55.0,27.5,7.15,7.5,0.08395,0.0,1,1
1627,Volvo,2,160.0,80.0,23.3,16.0,0.60905,1.5,2,2
1629,Zebra0,2,172.0,86.0,14.485,16.5,0.058750000000000004,3.0,2,2
1630,Tzuntzu,2,225.0,112.5,9.19,31.0,0.09645000000000001,11.5,1,2
1631,lostangels,2,116.0,58.0,15.8,7.0,0.06105,0.0,2,2
1632,violent_fullz,2,206.0,103.0,13.690000000000001,18.5,0.04485,0.0,2,2
1635,TheBudFather,2,511.0,255.5,15.43,40.0,0.03645,5.5,1,1
1638,maclz,2,343.0,171.5,9.625,123.0,0.11424999999999999,297.0,2,2
1639,VietJoker2004,1,21.0,21.0,7.0,6.0,0.08,6.0,1,1
1640,blackrum,1,43.0,43.0,10.75,9.0,0.0922,0.0,1,1
1641,mafia666,1,120.0,120.0,15.0,30.0,0.0701,6.0,1,1
1642,TimHun,2,107.0,53.5,15.21,12.0,0.034949999999999995,0.5,2,2
1643,paulx,1,9.0,9.0,4.5,2.0,0.0,0.0,1,1
1644,achja,2,179.0,89.5,16.015,8.0,0.01655,2.0,2,2
1647,AtheismOnTheRise,2,47.0,23.5,9.165,4.5,0.035199999999999995,0.0,1,2
1648,DeadlyData,2,179.0,89.5,13.115,11.5,0.03905,5.5,2,2
1649,kalashnikov,2,911.0,455.5,26.17,69.0,0.05695,13.0,1,1
1650,mrbob,2,498.0,249.0,14.120000000000001,49.0,0.0894,14.5,2,2
1651,Qurrito,2,660.0,330.0,11.29,69.5,0.0501,56.0,2,2
1653,PIMP,2,199.0,99.5,16.560000000000002,8.5,0.0193,0.0,1,1
1654,CEBOLLA,2,466.0,233.0,12.875,64.5,0.03095,44.5,1,1
1657,ViperOfTheSea,1,77.0,77.0,19.25,6.0,0.0293,0.0,1,1
1659,rickrozay,2,100.0,50.0,8.335,26.5,0.041499999999999995,6.5,1,2
1662,robbiebubble,2,38.0,19.0,6.5,5.0,0.07105,4.0,1,1
1665,supertommy,1,8.0,8.0,4.0,5.0,0.0,0.0,1,1
1667,whyusheep3,2,466.0,233.0,14.985,44.5,0.02825,4.5,1,1
1668,fun-gee,2,1208.0,604.0,31.47,95.0,0.02895,14.0,1,2
1669,free4free,2,22.0,11.0,9.0,2.0,0.06999999999999999,0.0,2,2
1670,pinkPANTHER33,2,154.0,77.0,17.48,16.0,0.12915,9.0,2,2
1671,cashout289,2,175.0,87.5,9.975000000000001,16.5,0.028749999999999998,1.5,1,1
1673,darwin_specimen,1,5.0,5.0,5.0,2.0,0.0625,0.0,1,1
1674,Mister_A,2,75.0,37.5,8.635,13.5,0.0169,2.0,2,2
1675,AnonUserTitle,2,531.0,265.5,15.830000000000002,53.5,0.0422,19.0,1,1
1677,panino,2,131.0,65.5,16.375,32.5,0.2801,32.0,2,2
1680,johnboy1,2,181.0,90.5,13.985,18.0,0.02695,2.5,2,2
1681,criminalmind,1,10.0,10.0,3.33,12.0,0.0,18.0,1,1
1682,Lacase,2,76.0,38.0,9.915,12.0,0.0779,0.0,1,2
1683,Anonymous2921,2,58.0,29.0,14.5,7.0,0.053,2.0,1,2
1684,0john832,2,406.0,203.0,25.57,29.0,0.0435,6.0,2,2
1685,revv,1,13.0,13.0,13.0,1.0,0.037,0.0,1,1
1686,cocacola111,1,23.0,23.0,11.5,8.0,0.041,0.0,1,1
1687,reiji,1,19.0,19.0,6.33,4.0,0.0448,1.0,1,1
1691,opsssi,2,74.0,37.0,8.665,7.0,0.05305,5.0,2,2
1692,fakename,2,413.0,206.5,20.34,97.5,0.263,234.0,2,2
1694,Balkhole,2,129.0,64.5,18.9,7.0,0.02885,1.0,2,2
1700,1337sauce,1,166.0,166.0,18.44,18.0,0.0358,14.0,1,1
1701,TheTORAgera,2,3.0,1.5,1.5,10.0,0.03125,0.0,1,1
1702,falopero237,2,201.0,100.5,17.07,10.0,0.00665,6.0,1,1
1703,queen,2,158.0,79.0,69.8,47.5,0.267,165.5,1,1
1704,777eleven,2,173.0,86.5,24.235,8.5,0.032850000000000004,5.5,2,2
1705,atm718,2,120.0,60.0,10.0,11.5,0.01645,1.5,1,1
1707,MasterSplynter2,2,520.0,260.0,10.455,77.5,0.0499,3.0,2,2
1709,jboi,2,148.0,74.0,74.0,0.0,0.0068000000000000005,0.5,2,2
1710,rackscorp,2,426.0,213.0,10.64,47.5,0.0331,7.0,2,2
1713,pierdole,2,283.0,141.5,12.475000000000001,84.5,0.08170000000000001,31.0,2,2
1714,BenzoBro,1,36.0,36.0,12.0,10.0,0.0604,6.0,1,1
1716,bobblow,1,30.0,30.0,7.5,8.0,0.0,0.0,1,1
1717,VerdeLimon,2,278.0,139.0,17.89,68.5,0.2514,158.5,2,2
1718,kodaikanal,2,117.0,58.5,9.85,21.5,0.09705,14.5,1,1
1719,TheEjaculator,2,514.0,257.0,13.525,46.0,0.0397,4.0,2,2
1720,BangBang,1,18.0,18.0,9.0,2.0,0.0375,4.0,1,1
1723,johnsmith99,2,217.0,108.5,24.525,12.0,0.01975,4.0,2,2
1728,SexUnderTheSun,2,610.0,305.0,10.515,56.0,0.03095,13.5,2,2
1730,boyka,2,590.0,295.0,16.79,58.5,0.040749999999999995,7.0,2,2
1731,statesmann,2,1203.0,601.5,14.125,171.0,0.1831,123.5,2,2
1744,ilbannato,2,228.0,114.0,24.975,12.0,0.0444,0.5,2,2
1746,agodzilla2,2,129.0,64.5,13.29,5.0,0.01895,0.0,2,2
1747,moneyjustpaper,2,41.0,20.5,20.5,0.0,0.0473,0.0,2,2
1749,LuckyLarry7,1,87.0,87.0,8.7,44.0,0.0698,23.0,1,1
1752,oatcake,2,502.0,251.0,14.885,49.0,0.041100000000000005,4.0,2,2
1755,Distilled,2,36.0,18.0,14.5,3.0,0.07735,0.0,1,1
1757,TrashBaby,2,87.0,43.5,14.5,6.5,0.04955,2.0,2,2
1760,Crazy-Eights,1,4.0,4.0,4.0,1.0,0.0435,0.0,1,1
1763,cannawholesale,2,215.0,107.5,8.605,78.5,0.3093,73.5,2,2
1765,Anonmagic,2,123.0,61.5,30.75,8.5,0.009300000000000001,3.5,1,1
1766,SuperStealthSam,2,7800.0,3900.0,21.560000000000002,727.5,0.12315000000000001,179.5,1,1
1767,swordfishlyfe,1,24.0,24.0,24.0,0.0,0.0,0.0,1,1
1773,Magiklair,2,43.0,21.5,5.5,4.5,0.08235,0.0,2,2
1774,konthaar,2,128.0,64.0,64.0,0.5,0.01095,3.5,2,2
1778,kevkos29,2,116.0,58.0,7.25,12.5,0.07455,10.5,2,2
1780,erastworonoff,2,10.0,5.0,3.0,0.5,0.0,0.0,1,1
1783,PESL,2,288.0,144.0,9.21,60.5,0.0807,13.5,1,2
1787,Texas,2,473.0,236.5,17.995,43.0,0.04285,10.5,1,1
1788,Musafa,2,45.0,22.5,7.5,9.0,0.059949999999999996,2.5,2,2
1789,shadowreference,1,144.0,144.0,11.08,21.0,0.0414,7.0,1,1
1790,registermeme,2,27.0,13.5,8.5,3.5,0.5164,0.0,2,2
1791,gideonstargrave,2,169.0,84.5,19.075,29.5,0.0857,12.0,2,2
1793,свинец,2,430.0,215.0,16.21,33.5,0.0358,3.0,2,2
1795,delmar813,2,364.0,182.0,20.22,13.0,0.0349,2.0,2,2
1796,nuunnipohc,2,327.0,163.5,15.695,20.0,0.02655,4.0,2,2
1797,Chandramarlight,2,83.0,41.5,20.75,5.0,0.0146,3.5,2,2
1798,WickedWolf,2,411.0,205.5,16.685000000000002,39.0,0.02715,15.5,2,2
1799,selector,2,264.0,132.0,7.2,98.5,0.1679,16.5,2,2
1800,TheSecAnalyst,2,157.0,78.5,11.559999999999999,13.0,0.030950000000000002,3.0,2,2
1801,Prof,2,479.0,239.5,19.96,37.5,0.0431,20.5,2,2
1802,CharlesBrown14,1,97.0,97.0,12.12,26.0,0.0964,15.0,1,1
1803,mackay,2,768.0,384.0,21.845,75.0,0.0196,61.0,2,2
1805,misk,2,507.0,253.5,13.765,50.0,0.054150000000000004,7.0,1,1
1807,T0TaLKa0S,2,432.0,216.0,18.92,58.5,0.0448,4.5,2,2
1809,titta,2,529.0,264.5,58.165,38.0,0.049850000000000005,33.5,2,2
1810,Dark_Mart,2,561.0,280.5,14.285,94.5,0.046,36.0,2,2
1811,FDService,2,386.0,193.0,39.67,32.5,0.01905,13.5,1,1
1813,scotnova,2,23.0,11.5,6.75,3.0,0.039,0.0,1,2
1814,cerberus,2,303.0,151.5,75.75,3.0,0.0009,1.0,2,2
1816,THC9,2,67.0,33.5,5.05,18.5,0.0441,7.0,1,1
1817,uncooked,1,11.0,11.0,3.67,3.0,0.0,0.0,1,1
1818,ibiza1234,2,470.0,235.0,22.814999999999998,19.0,0.00715,6.0,1,2
1819,alonso,2,150.0,75.0,18.75,23.0,0.0854,0.0,2,2
1820,gino,2,43.0,21.5,7.3,5.0,0.0349,0.0,1,2
1821,Putart,1,11.0,11.0,5.5,1.0,0.0889,0.0,1,1
1826,TonyTheTiger,1,9.0,9.0,9.0,2.0,1.0,0.0,1,1
1827,GoodieGumDrops,2,243.0,121.5,21.5,18.0,0.07965,9.0,1,1
1829,blackhat52,1,21.0,21.0,5.25,7.0,0.2034,0.0,1,1
1830,happyday,2,124.0,62.0,13.4,13.0,0.0435,0.0,2,2
1831,melinaeskie,2,40.0,20.0,12.75,1.5,0.0379,0.0,2,2
1832,PillfirePharmacy,2,686.0,343.0,16.375,134.0,0.1546,144.5,2,2
1834,ocelot,2,277.0,138.5,16.68,25.5,0.0,4.5,2,2
1835,evilsmile,2,857.0,428.5,18.134999999999998,60.5,0.02275,3.0,1,1
1836,stift,2,229.0,114.5,14.04,13.0,0.04905,0.0,2,2
1838,disframe,2,405.0,202.5,16.875,71.0,0.24875,175.0,1,1
1839,Hesh,2,807.0,403.5,12.61,425.0,0.1614,17.0,1,2
1840,StrattonOakmont,2,508.0,254.0,13.91,172.0,0.05585,34.5,1,1
1841,kinderfunn,2,569.0,284.5,142.25,17.5,0.00185,4.0,2,2
1842,ilovemoney,2,164.0,82.0,13.82,17.5,0.0146,8.0,2,2
1843,guet21,2,89.0,44.5,20.165,3.5,0.0361,1.5,1,2
1844,nsfw,2,468.0,234.0,25.455,40.5,0.0334,17.5,2,2
1845,Trampantpro,2,268.0,134.0,11.725000000000001,44.5,0.24155000000000001,67.0,2,2
1847,PHARMCONNECTION,2,102.0,51.0,12.809999999999999,9.5,0.03095,4.5,1,1
1848,magic113,2,402.0,201.0,9.555,88.0,0.0514,17.5,2,2
1849,calhounboi,2,621.0,310.5,10.0,65.0,0.0599,2.0,1,1
1850,FranzLiszt,2,368.0,184.0,18.685000000000002,21.5,0.0303,7.5,2,2
1851,JollyRoger,2,541.0,270.5,18.12,25.0,0.026799999999999997,5.5,1,2
1852,yezzir,2,42.0,21.0,7.75,4.0,0.3393,3.0,1,1
1855,SuperInk,2,733.0,366.5,16.97,98.5,0.03035,11.0,1,1
1856,xyrius16,2,2317.0,1158.5,15.975,1191.5,0.0151,29.5,2,2
1857,only,2,179.0,89.5,11.785,25.0,0.05065,14.0,1,1
1858,panchovilla,2,256.0,128.0,42.665,20.0,0.00335,3.0,1,1
1860,madness99,2,146.0,73.0,13.45,11.5,0.0297,3.0,2,2
1861,worldview0,2,55.0,27.5,8.75,6.0,0.02545,0.0,2,2
1863,UniqueTreesInc,2,2813.0,1406.5,11.879999999999999,702.5,0.1251,444.0,1,1
1865,Jhames,2,93.0,46.5,18.165,7.5,0.0532,0.5,1,2
1867,torteamster,2,58.0,29.0,6.25,8.0,0.0,4.5,2,2
1868,Blackltdd,2,198.0,99.0,20.5,9.5,0.0189,2.5,2,2
1869,thedarksky,2,101.0,50.5,16.83,9.0,0.057999999999999996,0.5,1,1
1871,Tips,2,304.0,152.0,16.775,39.0,0.01575,1.0,2,2
1872,widdz,2,499.0,249.5,159.5,19.5,0.00635,9.5,2,2
1873,SaulSilver,1,59.0,59.0,9.83,17.0,0.0571,10.0,1,1
1875,capecappo,1,58.0,58.0,14.5,10.0,0.0225,2.0,1,1
1876,bahamaz,1,20.0,20.0,4.0,11.0,0.0385,4.0,1,1
1877,yolomcswagswag,2,144.0,72.0,18.8,9.5,0.0289,1.0,2,2
1880,Viscount,2,31.0,15.5,13.25,2.0,0.04365,0.5,2,2
1883,fd123,2,396.0,198.0,19.770000000000003,26.5,0.0344,10.5,2,2
1884,YuiLight,1,17.0,17.0,17.0,3.0,0.0,0.0,1,1
1885,xXsilentzahusXx,2,121.0,60.5,9.285,12.0,0.0431,1.5,1,1
1886,obliviron,2,168.0,84.0,11.305,15.0,0.03125,4.5,2,2
1887,countryboy,2,149.0,74.5,30.835,1.0,0.00855,0.0,1,1
1890,BugsMcGee,2,464.0,232.0,15.065,38.0,0.03395,3.5,1,2
1891,giveyouthed,1,118.0,118.0,7.87,30.0,0.0479,8.0,1,1
1892,jojojo,2,156.0,78.0,15.6,55.5,0.50095,114.0,1,2
1893,Kapitän,2,0.0,0.0,0.0,1.0,0.0,0.0,2,2
1894,dexterxtorm,2,830.0,415.0,16.9,91.0,0.03055,13.5,2,2
1896,T3c4n6l6g9,1,59.0,59.0,11.8,20.0,0.0511,1.0,1,1
1897,terabithia,1,91.0,91.0,10.11,23.0,0.057,17.0,1,1
1898,hibees09,2,37.0,18.5,14.75,1.0,0.0126,0.0,2,2
1899,douche,2,514.0,257.0,14.035,78.5,0.0849,35.5,1,1
1901,styla03xx,1,64.0,64.0,12.8,10.0,0.0425,2.0,1,1
1902,God_Seller,2,1852.0,926.0,22.84,245.0,0.0329,40.5,1,1
1904,bigman78667,1,31.0,31.0,10.33,3.0,0.0275,0.0,1,1
1906,yeezus,2,58.0,29.0,9.5,9.5,0.0091,3.0,2,2
1907,chaiwala,2,75.0,37.5,10.05,6.5,0.0079,5.5,2,2
1908,tim_daly,1,15.0,15.0,15.0,3.0,0.0357,0.0,1,1
1909,codenamewildbill,2,130.0,65.0,26.0,5.5,0.05425,4.5,1,1
1910,xdaznx,1,13.0,13.0,6.5,5.0,0.0816,0.0,1,1
1914,AmnesiaSynes,2,316.0,158.0,17.08,105.0,0.0528,5.0,1,1
1915,CARLOS,2,1505.0,752.5,15.530000000000001,271.5,0.03205,247.0,2,2
1917,Maximus,1,127.0,127.0,18.14,22.0,0.0342,0.0,1,1
1918,cvvbuyer,2,148.0,74.0,22.25,11.5,0.0274,0.5,2,2
1921,mirage,2,585.0,292.5,8.35,85.5,0.05615,2.5,1,1
1922,entershikarii,2,308.0,154.0,13.445,27.0,0.0399,7.5,2,2
1924,CatzNBunz,2,147.0,73.5,11.809999999999999,14.5,0.047299999999999995,1.0,2,2
1925,qbishon,2,44.0,22.0,8.5,3.0,0.08775,0.0,1,1
1927,phironix,2,159.0,79.5,26.5,8.5,0.0,1.5,1,2
1928,PartySupplies,2,16.0,8.0,3.125,4.5,0.00795,4.5,1,2
